-- phpMyAdmin SQL Dump
-- version 5.2.1
-- https://www.phpmyadmin.net/
--
-- Host: 127.0.0.1
-- Generation Time: Jul 11, 2024 at 04:28 PM
-- Server version: 10.4.28-MariaDB
-- PHP Version: 8.2.4

SET SQL_MODE = "NO_AUTO_VALUE_ON_ZERO";
START TRANSACTION;
SET time_zone = "+00:00";


/*!40101 SET @OLD_CHARACTER_SET_CLIENT=@@CHARACTER_SET_CLIENT */;
/*!40101 SET @OLD_CHARACTER_SET_RESULTS=@@CHARACTER_SET_RESULTS */;
/*!40101 SET @OLD_COLLATION_CONNECTION=@@COLLATION_CONNECTION */;
/*!40101 SET NAMES utf8mb4 */;

--
-- Database: `blood_bank`
--

-- --------------------------------------------------------

--
-- Table structure for table `blood_bag`
--

CREATE TABLE `blood_bag` (
  `Bag_ID` int(11) NOT NULL,
  `Blood_Type` enum('A','B','AB','O') NOT NULL,
  `Rh_Factor` enum('+','-') NOT NULL,
  `Expiry_Date` date NOT NULL,
  `Status` enum('Available','Reserved','Discarded') NOT NULL,
  `Donor_ID` int(11) DEFAULT NULL,
  `Hospital_ID` int(11) DEFAULT NULL
) ENGINE=InnoDB DEFAULT CHARSET=utf8mb4 COLLATE=utf8mb4_general_ci;

--
-- Dumping data for table `blood_bag`
--

INSERT INTO `blood_bag` (`Bag_ID`, `Blood_Type`, `Rh_Factor`, `Expiry_Date`, `Status`, `Donor_ID`, `Hospital_ID`) VALUES
(14, 'B', '+', '2024-07-11', 'Reserved', 8, 1),
(16, 'AB', '+', '2024-08-01', 'Reserved', 11, 1);

-- --------------------------------------------------------

--
-- Table structure for table `blood_request`
--

CREATE TABLE `blood_request` (
  `Request_ID` int(11) NOT NULL,
  `Hospital_ID` int(11) DEFAULT NULL,
  `Blood_Type` enum('A','B','AB','O') NOT NULL,
  `Rh_Factor` enum('+','-') NOT NULL,
  `Quantity` int(11) NOT NULL,
  `Request_Date` date DEFAULT NULL,
  `Request_Status_ID` int(11) DEFAULT NULL
) ENGINE=InnoDB DEFAULT CHARSET=utf8mb4 COLLATE=utf8mb4_general_ci;

--
-- Dumping data for table `blood_request`
--

INSERT INTO `blood_request` (`Request_ID`, `Hospital_ID`, `Blood_Type`, `Rh_Factor`, `Quantity`, `Request_Date`, `Request_Status_ID`) VALUES
(10, 1, 'B', '+', 1, '2024-07-17', 2),
(12, 1, 'AB', '+', 1, '2024-07-11', 1);

-- --------------------------------------------------------

--
-- Table structure for table `district`
--

CREATE TABLE `district` (
  `District_ID` int(11) NOT NULL,
  `District_Name` varchar(50) NOT NULL,
  `Region_ID` int(11) DEFAULT NULL
) ENGINE=InnoDB DEFAULT CHARSET=utf8mb4 COLLATE=utf8mb4_general_ci;

--
-- Dumping data for table `district`
--

INSERT INTO `district` (`District_ID`, `District_Name`, `Region_ID`) VALUES
(2, 'Kondoa', 2),
(3, 'Mpwapwa', 2),
(4, 'Kongwa', 2),
(5, 'Chamwino', 2),
(6, 'Dodoma Urban', 2),
(7, 'Bahi', 2),
(8, 'Chemba', 2),
(9, 'Monduli', 3),
(10, 'Meru', 3),
(11, 'Arusha Urban', 3),
(12, 'Karatu', 3),
(13, 'Ngorongoro', 3),
(14, 'Arusha', 3),
(15, 'Longido', 3),
(16, 'Rombo', 4),
(17, 'Mwanga', 4),
(18, 'Same', 4),
(19, 'Moshi', 4),
(20, 'Hai', 4),
(21, 'Moshi Urban', 4),
(22, 'Siha', 4),
(23, 'Lushoto', 5),
(24, 'Korogwe', 5),
(25, 'Muheza', 5),
(26, 'Tanga Urban', 5),
(27, 'Pangani', 5),
(28, 'Handeni', 5),
(29, 'Kilindi', 5),
(30, 'Mkinga', 5),
(31, 'Korogwe Township Authority', 5),
(32, 'Handeni Mji', 5),
(33, 'Kilosa', 6),
(34, 'Morogoro', 6),
(35, 'Kilombero', 6),
(36, 'Ulanga', 6),
(37, 'Morogoro Urban', 6),
(38, 'Mvomero', 6),
(39, 'Gairo', 6),
(40, 'Bagamoyo', 7),
(41, 'Kibaha', 7),
(42, 'Kisarawe', 7),
(43, 'Mkuranga', 7),
(44, 'Rufiji', 7),
(45, 'Mafia', 7),
(46, 'Kibaha Urban', 7),
(47, 'Kinondoni', 8),
(48, 'Ilala', 8),
(49, 'Temeke', 8),
(50, 'Kilwa', 9),
(51, 'Lindi', 9),
(52, 'Nachingwea', 9),
(53, 'Liwale', 9),
(54, 'Ruangwa', 9),
(55, 'Lindi Urban', 9),
(56, 'Mtwara', 10),
(57, 'Newala', 10),
(58, 'Masasi', 10),
(59, 'Tandahimba', 10),
(60, 'Mtwara Urban', 10),
(61, 'Nanyumbu', 10),
(62, 'Masasi  Township Authority', 10),
(63, 'Tunduru', 11),
(64, 'Songea', 11),
(65, 'Mbinga', 11),
(66, 'Songea Urban', 11),
(67, 'Namtumbo', 11),
(68, 'Nyasa', 11),
(69, 'Iringa', 12),
(70, 'Mufindi', 12),
(71, 'Iringa Urban', 12),
(72, 'Kilolo', 12),
(73, 'Mafinga Township Authority', 12),
(74, 'Chunya', 13),
(75, 'Songwe', 14),
(76, 'Mbeya', 13),
(77, 'Kyela', 13),
(78, 'Rungwe', 13),
(79, 'Ileje', 14),
(80, 'Mbozi', 14),
(81, 'Mbarali', 13),
(82, 'Mbeya Urban', 13),
(83, 'Momba', 14),
(84, 'Tunduma', 14),
(85, 'Iramba', 15),
(86, 'Singida', 15),
(87, 'Manyoni', 15),
(88, 'Singida Urban', 15),
(89, 'Ikungi', 15),
(90, 'Mkalama', 15),
(91, 'Nzega', 16),
(92, 'Igunga', 16),
(93, 'Uyui', 16),
(94, 'Urambo', 16),
(95, 'Sikonge', 16),
(96, 'Tabora Urban', 16),
(97, 'Kaliua', 16),
(98, 'Kalambo', 17),
(99, 'Sumbawanga', 17),
(100, 'Nkasi', 17),
(101, 'Sumbawanga Urban', 17),
(102, 'Kibondo', 18),
(103, 'Kasulu', 18),
(104, 'Kigoma', 18),
(105, 'Kigoma  Urban', 18),
(106, 'Uvinza', 18),
(107, 'Buhigwe', 18),
(108, 'Kakonko', 18),
(109, 'Kasulu Township Authority', 18),
(110, 'Shinyanga Urban', 19),
(111, 'Kishapu', 19),
(112, 'Shinyanga', 19),
(113, 'Kahama', 19),
(114, 'Kahama Township Authority', 19),
(115, 'Karagwe', 20),
(116, 'Bukoba', 20),
(117, 'Muleba', 20),
(118, 'Biharamulo', 20),
(119, 'Ngara', 20),
(120, 'Bukoba Urban', 20),
(121, 'Missenyi', 20),
(122, 'Kyerwa', 20),
(123, 'Ukerewe', 21),
(124, 'Magu', 21),
(125, 'Nyamagana', 21),
(126, 'Kwimba', 21),
(127, 'Sengerema', 21),
(128, 'Ilemela', 21),
(129, 'Misungwi', 21),
(130, 'Tarime', 22),
(131, 'Serengeti', 22),
(132, 'Musoma', 22),
(133, 'Bunda', 22),
(134, 'Rorya', 22),
(135, 'Butiam', 22),
(136, 'Babati', 23),
(137, 'Hanang', 23),
(138, 'Mbulu', 23),
(139, 'Simanjiro', 23),
(140, 'Kiteto', 23),
(141, 'Babati Urban', 23),
(142, 'Njombe Urban', 24),
(143, 'Wanging\'ombe', 24),
(144, 'Makete', 24),
(145, 'Njombe', 24),
(146, 'Ludewa', 24),
(147, 'Makambako Township Authority', 24),
(148, 'Mpanda Urban', 25),
(149, 'Mpanda', 25),
(150, 'Mlele', 25),
(151, 'Bariadi', 26),
(152, 'Itilima', 26),
(153, 'Meatu', 26),
(154, 'Maswa', 26),
(155, 'Busega', 26),
(156, 'Geita', 27),
(157, 'Nyang\'hwale', 27),
(158, 'Mbogwe', 27),
(159, 'Bukombe', 27),
(160, 'Chato', 27),
(161, 'Kaskazini A', 28),
(162, 'Kaskazini B', 28),
(163, 'Kati', 29),
(164, 'Kusini', 29),
(165, 'Magharibi', 30),
(166, 'Mjini', 30),
(167, 'Wete', 31),
(168, 'Micheweni', 31),
(169, 'Chake Chake', 32),
(170, 'Mkoani', 32),
(171, 'Musoma Urban', 22);

-- --------------------------------------------------------

--
-- Table structure for table `donor`
--

CREATE TABLE `donor` (
  `Donor_ID` int(11) NOT NULL,
  `User_ID` int(11) DEFAULT NULL,
  `Blood_Type` enum('A','B','AB','O') DEFAULT NULL,
  `Rh_Factor` enum('+','-') DEFAULT NULL,
  `Last_Donation_Date` date DEFAULT NULL,
  `Additional_Information` varchar(255) DEFAULT NULL,
  `firstname` varchar(20) DEFAULT NULL,
  `lastname` varchar(20) DEFAULT NULL,
  `sex` enum('male','female') DEFAULT NULL,
  `email` varchar(255) DEFAULT NULL,
  `Date_of_Birth` date DEFAULT NULL
) ENGINE=InnoDB DEFAULT CHARSET=utf8mb4 COLLATE=utf8mb4_general_ci;

--
-- Dumping data for table `donor`
--

INSERT INTO `donor` (`Donor_ID`, `User_ID`, `Blood_Type`, `Rh_Factor`, `Last_Donation_Date`, `Additional_Information`, `firstname`, `lastname`, `sex`, `email`, `Date_of_Birth`) VALUES
(8, 38, 'B', '+', '2024-06-02', 'donated from mzumbe', 'wallace', 'novatus', 'male', 'wallace@gmail.com', '1998-11-14'),
(11, 41, 'AB', '+', '2024-06-20', 'from mzumbe', 'Terry', 'Taylor', 'male', 'taylorterry2323@gmail.com', '1999-09-23');

-- --------------------------------------------------------

--
-- Table structure for table `hospital`
--

CREATE TABLE `hospital` (
  `Hospital_ID` int(11) NOT NULL,
  `Hospital_Name` varchar(100) NOT NULL,
  `Ward_ID` int(11) DEFAULT NULL,
  `Contact_Number` varchar(20) DEFAULT NULL,
  `Address` varchar(255) DEFAULT NULL
) ENGINE=InnoDB DEFAULT CHARSET=utf8mb4 COLLATE=utf8mb4_general_ci;

--
-- Dumping data for table `hospital`
--

INSERT INTO `hospital` (`Hospital_ID`, `Hospital_Name`, `Ward_ID`, `Contact_Number`, `Address`) VALUES
(1, 'MZUMBE HOSPITAL', 813, '0756893153', 'P.o BOX 1'),
(2, 'Muhimbili National Hospital', 988, '+2552221513679', 'P.O Box 65000');

-- --------------------------------------------------------

--
-- Table structure for table `hospital_staff`
--

CREATE TABLE `hospital_staff` (
  `Staff_ID` int(11) NOT NULL,
  `User_ID` int(11) DEFAULT NULL,
  `Hospital_ID` int(11) DEFAULT NULL,
  `Staff_Role` varchar(50) DEFAULT NULL,
  `Department` varchar(50) DEFAULT NULL,
  `firstname` varchar(20) DEFAULT NULL,
  `lastname` varchar(20) DEFAULT NULL,
  `sex` enum('male','female') DEFAULT NULL,
  `email` varchar(255) DEFAULT NULL
) ENGINE=InnoDB DEFAULT CHARSET=utf8mb4 COLLATE=utf8mb4_general_ci;

--
-- Dumping data for table `hospital_staff`
--

INSERT INTO `hospital_staff` (`Staff_ID`, `User_ID`, `Hospital_ID`, `Staff_Role`, `Department`, `firstname`, `lastname`, `sex`, `email`) VALUES
(1, 16, 1, 'phlebotomist', 'BLOOD', 'ELIZA', 'SWAI', 'female', NULL),
(2, 17, 2, 'phlebotomist', 'BLOOD', 'ALLY', 'SALIM', 'male', NULL);

-- --------------------------------------------------------

--
-- Table structure for table `medical_records`
--

CREATE TABLE `medical_records` (
  `Record_ID` int(11) NOT NULL,
  `Donor_ID` int(11) NOT NULL,
  `Medical_History` text DEFAULT NULL,
  `Last_Update` timestamp NOT NULL DEFAULT current_timestamp() ON UPDATE current_timestamp(),
  `Height` float NOT NULL,
  `Weight` float NOT NULL,
  `Age` int(11) NOT NULL
) ENGINE=InnoDB DEFAULT CHARSET=utf8mb4 COLLATE=utf8mb4_general_ci;

--
-- Dumping data for table `medical_records`
--

INSERT INTO `medical_records` (`Record_ID`, `Donor_ID`, `Medical_History`, `Last_Update`, `Height`, `Weight`, `Age`) VALUES
(2, 11, 'NO ANAEMIA', '2024-07-09 21:00:00', 175, 56, 25);

-- --------------------------------------------------------

--
-- Table structure for table `region`
--

CREATE TABLE `region` (
  `Region_ID` int(11) NOT NULL,
  `Region_Name` varchar(50) NOT NULL
) ENGINE=InnoDB DEFAULT CHARSET=utf8mb4 COLLATE=utf8mb4_general_ci;

--
-- Dumping data for table `region`
--

INSERT INTO `region` (`Region_ID`, `Region_Name`) VALUES
(2, 'Dodoma'),
(3, 'Arusha'),
(4, 'Kilimanjaro'),
(5, 'Tanga'),
(6, 'Morogoro'),
(7, 'Pwani'),
(8, 'Dar-es-salaam'),
(9, 'Lindi'),
(10, 'Mtwara'),
(11, 'Ruvuma'),
(12, 'Iringa'),
(13, 'Mbeya'),
(14, 'Songwe'),
(15, 'Singida'),
(16, 'Tabora'),
(17, 'Rukwa'),
(18, 'Kigoma'),
(19, 'Shinyanga'),
(20, 'Kagera'),
(21, 'Mwanza'),
(22, 'Mara'),
(23, 'Manyara'),
(24, 'Njombe'),
(25, 'Katavi'),
(26, 'Simiyu'),
(27, 'Geita'),
(28, 'Kaskazini Unguja'),
(29, 'Kusini Unguja'),
(30, 'Mjini Magharibi'),
(31, 'Kaskazini Pemba'),
(32, 'Kusini Pemba');

-- --------------------------------------------------------

--
-- Table structure for table `request_status`
--

CREATE TABLE `request_status` (
  `Request_Status_ID` int(11) NOT NULL,
  `Status_Name` enum('Pending','Approved','Fulfilled','Partially Fulfilled','Cancelled','Expired','Rejected') NOT NULL
) ENGINE=InnoDB DEFAULT CHARSET=utf8mb4 COLLATE=utf8mb4_general_ci;

--
-- Dumping data for table `request_status`
--

INSERT INTO `request_status` (`Request_Status_ID`, `Status_Name`) VALUES
(1, 'Pending'),
(2, 'Approved'),
(3, 'Fulfilled'),
(4, 'Partially Fulfilled'),
(5, 'Cancelled'),
(6, 'Expired'),
(7, 'Rejected');

-- --------------------------------------------------------

--
-- Table structure for table `user`
--

CREATE TABLE `user` (
  `user_id` int(11) NOT NULL,
  `username` varchar(50) NOT NULL,
  `password` varchar(50) NOT NULL,
  `user_type` set('hospital','donor','admin') NOT NULL DEFAULT 'donor'
) ENGINE=InnoDB DEFAULT CHARSET=utf8mb4 COLLATE=utf8mb4_general_ci;

--
-- Dumping data for table `user`
--

INSERT INTO `user` (`user_id`, `username`, `password`, `user_type`) VALUES
(9, 'TAYLOR', '81dc9bdb52d04dc20036dbd8313ed055', 'admin'),
(16, 'ELI_MZUMBE', '827ccb0eea8a706c4c34a16891f84e7b', 'hospital'),
(17, 'ALLY_MUHIMBILI', '827ccb0eea8a706c4c34a16891f84e7b', 'hospital'),
(38, 'makunga', '827ccb0eea8a706c4c34a16891f84e7b', 'donor'),
(41, 'Derrick', 'e10adc3949ba59abbe56e057f20f883e', 'donor');

-- --------------------------------------------------------

--
-- Table structure for table `ward`
--

CREATE TABLE `ward` (
  `Ward_ID` int(11) NOT NULL,
  `Ward_Name` varchar(50) NOT NULL,
  `District_ID` int(11) DEFAULT NULL
) ENGINE=InnoDB DEFAULT CHARSET=utf8mb4 COLLATE=utf8mb4_general_ci;

--
-- Dumping data for table `ward`
--

INSERT INTO `ward` (`Ward_ID`, `Ward_Name`, `District_ID`) VALUES
(2, 'Bumbuta', 2),
(3, 'Pahi', 2),
(4, 'Haubi', 2),
(5, 'Kalamba', 2),
(6, 'Kwadelo', 2),
(7, 'Masange', 2),
(8, 'Kikilo', 2),
(9, 'Bereko', 2),
(10, 'Kisese', 2),
(11, 'Kikore', 2),
(12, 'Serya', 2),
(13, 'Kilimani', 2),
(14, 'Chemchem', 2),
(15, 'Hondo mairo', 2),
(16, 'Bolisa', 2),
(17, 'Kinyasi', 2),
(18, 'Salanka', 2),
(19, 'Itololo', 2),
(20, 'Itaswi', 2),
(21, 'Suruke', 2),
(22, 'Kingale', 2),
(23, 'Kondoa mjini', 2),
(24, 'Kolo', 2),
(25, 'Changaa', 2),
(26, 'Thawi', 2),
(27, 'Mnenia', 2),
(28, 'Soera', 2),
(29, 'Mazae', 3),
(30, 'Vingh\'awe', 3),
(31, 'Matomondo', 3),
(32, 'Kimagai', 3),
(33, 'Kibakwe', 3),
(34, 'Lumuma', 3),
(35, 'Luhundwa', 3),
(36, 'Massa', 3),
(37, 'Ipera', 3),
(38, 'Rudi', 3),
(39, 'Mlunduzi', 3),
(40, 'Wotta', 3),
(41, 'Mima', 3),
(42, 'Berege', 3),
(43, 'Chunyu', 3),
(44, 'Mbuga', 3),
(45, 'Godegode', 3),
(46, 'Mpwapwa', 3),
(47, 'Lupeta', 3),
(48, 'Gulwe', 3),
(49, 'Nghambi', 3),
(50, 'Chitemo', 3),
(51, 'Iwondo', 3),
(52, 'Kingiti', 3),
(53, 'Lufu', 3),
(54, 'Pwaga', 3),
(55, 'Galigali', 3),
(56, 'Mtera', 3),
(57, 'Chipogoro', 3),
(58, 'Malolo', 3),
(59, 'Kongwa', 4),
(60, 'Sejeli', 4),
(61, 'Hogoro', 4),
(62, 'Zoissa', 4),
(63, 'Mkoka', 4),
(64, 'Njoge', 4),
(65, 'Mtanana', 4),
(66, 'Pandambili', 4),
(67, 'Mlali', 4),
(68, 'Iduo', 4),
(69, 'Sagara', 4),
(70, 'Kibaigwa', 4),
(71, 'Ugogoni', 4),
(72, 'Chamkoroma', 4),
(73, 'Makawa', 4),
(74, 'Chitego', 4),
(75, 'Matongoro', 4),
(76, 'Ngomai', 4),
(77, 'Songambele', 4),
(78, 'Chiwe', 4),
(79, 'Lenjulu', 4),
(80, 'Nghumbi', 4),
(81, 'Haneti', 5),
(82, 'Segala', 5),
(83, 'Itiso', 5),
(84, 'Dabalo', 5),
(85, 'Membe', 5),
(86, 'Msanga', 5),
(87, 'Chilonwa', 5),
(88, 'Buigiri', 5),
(89, 'Majeleko', 5),
(90, 'Manchali', 5),
(91, 'Ikowa', 5),
(92, 'Msamalo', 5),
(93, 'Igandu', 5),
(94, 'Muungano', 5),
(95, 'Mvumi Makulu', 5),
(96, 'Handali', 5),
(97, 'Mvumi Mission', 5),
(98, 'Idifu', 5),
(99, 'Makang\'wa', 5),
(100, 'Iringamvumi', 5),
(101, 'Manzase', 5),
(102, 'Fufu', 5),
(103, 'Mlowa Bwawani', 5),
(104, 'Mpwayungu', 5),
(105, 'Nghambaku', 5),
(106, 'Chinugulu', 5),
(107, 'Manda', 5),
(108, 'Huzi', 5),
(109, 'Loje', 5),
(110, 'Chiboli', 5),
(111, 'Nhinhi', 5),
(112, 'Zajilwa', 5),
(113, 'Viwandani', 6),
(114, 'Uhuru', 6),
(115, 'Chamwino', 6),
(116, 'Kiwanja cha ndege', 6),
(117, 'Makole', 6),
(118, 'Miyuji', 6),
(119, 'Msalato', 6),
(120, 'Makutupora', 6),
(121, 'Chihanga', 6),
(122, 'Hombolo', 6),
(123, 'Ipala', 6),
(124, 'Nzuguni', 6),
(125, 'Dom-Makulu', 6),
(126, 'Mtumba', 6),
(127, 'Kikombo', 6),
(128, 'Ngh\'ongh\'onha', 6),
(129, 'Mpunguzi', 6),
(130, 'Tambukareli', 6),
(131, 'Kilimani', 6),
(132, 'Kikuyu Kusini', 6),
(133, 'Kikuyu Kaskazini', 6),
(134, 'Mkonze', 6),
(135, 'Mbabala', 6),
(136, 'Zuzu', 6),
(137, 'Hazina', 6),
(138, 'Madukani', 6),
(139, 'Majengo', 6),
(140, 'Kizota', 6),
(141, 'Nala', 6),
(142, 'Mbalawala', 6),
(143, 'Ntyuka', 6),
(144, 'Chigongwe', 6),
(145, 'Chang\'ombe', 6),
(146, 'Iyumbu', 6),
(147, 'Chahwa', 6),
(148, 'Mnadani', 6),
(149, 'Ipagala', 6),
(150, 'Makanda', 7),
(151, 'Lamaiti', 7),
(152, 'Babayu', 7),
(153, 'Zanka', 7),
(154, 'Msisi', 7),
(155, 'Mundemu', 7),
(156, 'Bahi', 7),
(157, 'Mpamantwa', 7),
(158, 'Ibihwa', 7),
(159, 'Ilindi', 7),
(160, 'Kigwe', 7),
(161, 'Chikola', 7),
(162, 'Chipanga', 7),
(163, 'Chali', 7),
(164, 'Nondwa', 7),
(165, 'Mpalanga', 7),
(166, 'Ibugule', 7),
(167, 'Chibelela', 7),
(168, 'Mwitikira', 7),
(169, 'Mtitaa', 7),
(170, 'Makorongo', 8),
(171, 'Ovada', 8),
(172, 'Msaada', 8),
(173, 'Kimaha', 8),
(174, 'Churuku', 8),
(175, 'Songoro', 8),
(176, 'Mondo', 8),
(177, 'Dalai', 8),
(178, 'Mrijo', 8),
(179, 'Chandama', 8),
(180, 'Goima', 8),
(181, 'Chemba', 8),
(182, 'Paranga', 8),
(183, 'Gwandi', 8),
(184, 'Farkwa', 8),
(185, 'Mpendo', 8),
(186, 'Sanzawa', 8),
(187, 'Kwamtoro', 8),
(188, 'Lalta', 8),
(189, 'Engaruka', 9),
(190, 'Monduli juu', 9),
(191, 'Engutoto', 9),
(192, 'Monduli Mjini', 9),
(193, 'Moita', 9),
(194, 'Sepeko', 9),
(195, 'Lolkisale', 9),
(196, 'Makuyuni', 9),
(197, 'Esilalei', 9),
(198, 'Mto wa Mbu', 9),
(199, 'Lepurko', 9),
(200, 'Meserani', 9),
(201, 'Mswakini', 9),
(202, 'Majengo', 9),
(203, 'Ngarenanyuki', 10),
(204, 'Leguruki', 10),
(205, 'King\'ori', 10),
(206, 'Maji ya chai', 10),
(207, 'Kikatiti', 10),
(208, 'Maroroni', 10),
(209, 'Makiba', 10),
(210, 'Mbuguni', 10),
(211, 'Kikwe', 10),
(212, 'Usariver', 10),
(213, 'Nkoaranga', 10),
(214, 'Poli', 10),
(215, 'Seela Sing\'isi', 10),
(216, 'Akheri', 10),
(217, 'Nkoanrua', 10),
(218, 'Songoro', 10),
(219, 'Nkoarisambu', 10),
(220, 'Kati', 11),
(221, 'Kaloleni', 11),
(222, 'Sekei', 11),
(223, 'Kimandolu', 11),
(224, 'Baraa', 11),
(225, 'Oloirieni', 11),
(226, 'Themi', 11),
(227, 'Lemara', 11),
(228, 'Terrat', 11),
(229, 'Sokoni I', 11),
(230, 'Daraja Mbili', 11),
(231, 'Unga Ltd', 11),
(232, 'Sombetini', 11),
(233, 'Ngarenaro', 11),
(234, 'Levolosi', 11),
(235, 'Engutoto', 11),
(236, 'Elerai', 11),
(237, 'Olasiti', 11),
(238, 'Moshono', 11),
(239, 'Karatu', 12),
(240, 'Endamarariek', 12),
(241, 'Buger', 12),
(242, 'Endabash', 12),
(243, 'Kansay', 12),
(244, 'Baray', 12),
(245, 'Mang\'ola', 12),
(246, 'Daa', 12),
(247, 'Oldean', 12),
(248, 'Qurus', 12),
(249, 'Ganako', 12),
(250, 'Rhotia', 12),
(251, 'Mbulumbulu', 12),
(252, 'Endamaghang', 12),
(253, 'Orgosorok', 13),
(254, 'Digodigo', 13),
(255, 'Oldonyo Sambu', 13),
(256, 'Pinyinyi', 13),
(257, 'Sale', 13),
(258, 'Malambo', 13),
(259, 'Naiyobi', 13),
(260, 'Nainokanoka', 13),
(261, 'Olbalbal', 13),
(262, 'Ngorongoro', 13),
(263, 'Endulen', 13),
(264, 'Kakesio', 13),
(265, 'Arash', 13),
(266, 'Soitsambu', 13),
(267, 'Engusero Sambu', 13),
(268, 'Oloirien', 13),
(269, 'Samunge', 13),
(270, 'Alailelai', 13),
(271, 'Maalon', 13),
(272, 'Ololosokwan', 13),
(273, 'Oloipiri', 13),
(274, 'Olkokola', 14),
(275, 'Ilkiding\'a', 14),
(276, 'Bangata', 14),
(277, 'Sokon II', 14),
(278, 'Oltoroto', 14),
(279, 'Moivo', 14),
(280, 'Kiranyi', 14),
(281, 'Kimnyaki', 14),
(282, 'Oltrumet', 14),
(283, 'Mwandeti', 14),
(284, 'Mussa', 14),
(285, 'Kisongo', 14),
(286, 'Mateves', 14),
(287, 'Oljoro', 14),
(288, 'Bwawani', 14),
(289, 'Nduruma', 14),
(290, 'Mlangarini', 14),
(291, 'Sambasha', 14),
(292, 'Olorieni', 14),
(293, 'Olmotonyi', 14),
(294, 'Kitumbeine', 15),
(295, 'Engikaret', 15),
(296, 'Eleng\'ata Dapash', 15),
(297, 'Ilorienito', 15),
(298, 'Gelai Meirugoi', 15),
(299, 'Gelai lumbwa', 15),
(300, 'Matale', 15),
(301, 'Engarenaibor', 15),
(302, 'Mundarara', 15),
(303, 'Kimokouwa', 15),
(304, 'Namanga', 15),
(305, 'Orbomba', 15),
(306, 'Longido', 15),
(307, 'Tingatinga', 15),
(308, 'Olmolog', 15),
(309, 'Kamwanga', 15),
(310, 'Mamsera', 16),
(311, 'Mahida', 16),
(312, 'Mengwe', 16),
(313, 'Keni Mengeni', 16),
(314, 'Aleni', 16),
(315, 'Shimbi', 16),
(316, 'Makiidi', 16),
(317, 'Kelamfua Mokala', 16),
(318, 'Ushiri Ikuini', 16),
(319, 'Mrao Keryo', 16),
(320, 'Kirwa Keni', 16),
(321, 'Katangara Mrere', 16),
(322, 'Kisale Msaranga', 16),
(323, 'Olele', 16),
(324, 'Kirongo Samanga', 16),
(325, 'Kitirima Kingachi', 16),
(326, 'Ubetu Kahe', 16),
(327, 'Nanjara Reha', 16),
(328, 'Tarakea Motamburu', 16),
(329, 'Motamburu Kitendeni', 16),
(330, 'Marangu Kitowo', 16),
(331, 'Ngoyoni', 16),
(332, 'Manda', 16),
(333, 'Holili', 16),
(334, 'Kileo', 17),
(335, 'Mwanga', 17),
(336, 'Msangeni', 17),
(337, 'Kifula', 17),
(338, 'Kighare', 17),
(339, 'Kirongwe', 17),
(340, 'Kwakoa', 17),
(341, 'Lembeni', 17),
(342, 'Jipe', 17),
(343, 'Mwaniko', 17),
(344, 'Chomvu', 17),
(345, 'Ngujini', 17),
(346, 'Kirya', 17),
(347, 'Kilomeni', 17),
(348, 'Shighatini', 17),
(349, 'Lang\'ata', 17),
(350, 'Mgagao', 17),
(351, 'Toloha', 17),
(352, 'Kigoningoni', 17),
(353, 'Kivisini', 17),
(354, 'Same', 18),
(355, 'Ruvu', 18),
(356, 'Njoro', 18),
(357, 'Kisiwani', 18),
(358, 'Msindo', 18),
(359, 'Mshewa', 18),
(360, 'Mhezi', 18),
(361, 'Mwembe', 18),
(362, 'Vudee', 18),
(363, 'Vuje', 18),
(364, 'Bombo', 18),
(365, 'Mtii', 18),
(366, 'Maore', 18),
(367, 'Ndungu', 18),
(368, 'Kihurio', 18),
(369, 'Bendera', 18),
(370, 'Myamba', 18),
(371, 'Mpinji', 18),
(372, 'Bwambo', 18),
(373, 'Vunta', 18),
(374, 'Chome', 18),
(375, 'Suji', 18),
(376, 'Makanya', 18),
(377, 'Hedaru', 18),
(378, 'Kirangare', 18),
(379, 'Kisima', 18),
(380, 'Stesheni', 18),
(381, 'Vumari', 18),
(382, 'Mabilioni', 18),
(383, 'Kalemawe', 18),
(384, 'Lugulu', 18),
(385, 'Mwika Kusini', 19),
(386, 'MwikaKaskazini', 19),
(387, 'Mamba Kaskazini', 19),
(388, 'Mamba Kusini', 19),
(389, 'Marangu Mashariki', 19),
(390, 'Marangu Magharibi', 19),
(391, 'Makuyuni', 19),
(392, 'Kilema Kaskazini', 19),
(393, 'Kilema Kusini', 19),
(394, 'KiruaVunjo Mashariki', 19),
(395, 'KiruaVunjo Magharibi', 19),
(396, 'Kahe', 19),
(397, 'Kahe Mashariki', 19),
(398, 'Old Moshi Mashariki', 19),
(399, 'Old Moshi Magharibi', 19),
(400, 'Mbokomu', 19),
(401, 'Uru Mashariki', 19),
(402, 'Uru Shimbwe', 19),
(403, 'Uru Kusini', 19),
(404, 'Uru Kaskazini', 19),
(405, 'Mabogini', 19),
(406, 'Arusha Chini', 19),
(407, 'Kibosho Mashariki', 19),
(408, 'Kibosho Kati', 19),
(409, 'Kibosho Magharibi', 19),
(410, 'Kindi', 19),
(411, 'KiruaVunjo Kusini', 19),
(412, 'Kirima', 19),
(413, 'Okaoni', 19),
(414, 'Kimochi', 19),
(415, 'Kilema Kati', 19),
(416, 'Machame Mashariki', 20),
(417, 'Machame Kusini', 20),
(418, 'Machame Kaskazini', 20),
(419, 'Machame Magharibi', 20),
(420, 'Machame Uroki', 20),
(421, 'Masama Mashariki', 20),
(422, 'Masama Magharibi', 20),
(423, 'Masama Kusini', 20),
(424, 'Masama Rundugai', 20),
(425, 'Hai Mjini', 20),
(426, 'Masama Kati', 20),
(427, 'Machame Weruweru', 20),
(428, 'KIA', 20),
(429, 'Machame Narumu', 20),
(430, 'Kilimanjaro', 21),
(431, 'Njoro', 21),
(432, 'Mji Mpya', 21),
(433, 'Majengo', 21),
(434, 'Mawenzi', 21),
(435, 'Rau', 21),
(436, 'Korongoni', 21),
(437, 'Kiusa', 21),
(438, 'Bondeni', 21),
(439, 'Pasua', 21),
(440, 'Kaloleni', 21),
(441, 'Kiboriloni', 21),
(442, 'Msaranga', 21),
(443, 'Karanga', 21),
(444, 'Longuo B', 21),
(445, 'Miembeni', 21),
(446, 'Mfumuni', 21),
(447, 'Soweto', 21),
(448, 'Boma Mbuzi', 21),
(449, 'Ng\'ambo', 21),
(450, 'Shirimatunda', 21),
(451, 'Ndumeti', 22),
(452, 'Ngarenairobi', 22),
(453, 'Gararagua', 22),
(454, 'Sanya Juu', 22),
(455, 'Biriri', 22),
(456, 'Makiwaru', 22),
(457, 'Nasai', 22),
(458, 'Livishi', 22),
(459, 'Ivaeny', 22),
(460, 'Kashisha', 22),
(461, 'Karansi', 22),
(462, 'Olkolili', 22),
(463, 'Lushoto', 23),
(464, 'Gare', 23),
(465, 'Kwai', 23),
(466, 'Ubiri', 23),
(467, 'Soni', 23),
(468, 'Vuga', 23),
(469, 'Mponde', 23),
(470, 'Mamba', 23),
(471, 'Mbuzii', 23),
(472, 'Tamota', 23),
(473, 'Bumbuli', 23),
(474, 'Funta', 23),
(475, 'Mayo', 23),
(476, 'Baga', 23),
(477, 'Milingano', 23),
(478, 'Mgwashi', 23),
(479, 'Mtae', 23),
(480, 'Sunga', 23),
(481, 'Rangwi', 23),
(482, 'Mnazi', 23),
(483, 'Lunguza', 23),
(484, 'Mbaramo', 23),
(485, 'Mng\'aro', 23),
(486, 'Mlalo', 23),
(487, 'Mwangoi', 23),
(488, 'Shume', 23),
(489, 'Malindi', 23),
(490, 'Hemtoye', 23),
(491, 'Malibwi', 23),
(492, 'Mlola', 23),
(493, 'Makanya', 23),
(494, 'Ngwelo', 23),
(495, 'Kilole', 23),
(496, 'Kwekanga', 23),
(497, 'Lukozi', 23),
(498, 'Manolo', 23),
(499, 'Dule \"M\"', 23),
(500, 'Kwemshasha', 23),
(501, 'Nkongoi', 23),
(502, 'Dule \"B\"', 23),
(503, 'Maheza ngulu', 23),
(504, 'Usambara', 23),
(505, 'Ngulwi', 23),
(506, 'Kwemashai', 23),
(507, 'Mashewa', 24),
(508, 'Kizara', 24),
(509, 'Magoma', 24),
(510, 'Kerenge', 24),
(511, 'Kwagunda', 24),
(512, 'Mnyuzi', 24),
(513, 'Vugiri', 24),
(514, 'Dindira', 24),
(515, 'Bungu', 24),
(516, 'Lutindi', 24),
(517, 'Makuyuni', 24),
(518, 'Chekelei', 24),
(519, 'Mombo', 24),
(520, 'Mkalamo', 24),
(521, 'Mkomazi', 24),
(522, 'Kwashemshi', 24),
(523, 'Mpale', 24),
(524, 'Mswaha', 24),
(525, 'Magamba Kwalukonge', 24),
(526, 'Misozwe', 25),
(527, 'Pande Darajani', 25),
(528, 'Ngomeni', 25),
(529, 'Kigombe', 25),
(530, 'Lusanga', 25),
(531, 'Kicheba', 25),
(532, 'Magoroto', 25),
(533, 'Magila', 25),
(534, 'Mbaramo', 25),
(535, 'Majengo', 25),
(536, 'Masuguru', 25),
(537, 'Tingeni', 25),
(538, 'Kilulu', 25),
(539, 'Mkuzi', 25),
(540, 'Mtindiro', 25),
(541, 'Kwafungo', 25),
(542, 'Songa', 25),
(543, 'Bwembwera', 25),
(544, 'Potwe', 25),
(545, 'Nkumba', 25),
(546, 'Kisiwani', 25),
(547, 'Misalai', 25),
(548, 'Zirai', 25),
(549, 'Mbomole', 25),
(550, 'Amani', 25),
(551, 'Tongwe', 25),
(552, 'Mhamba', 25),
(553, 'Kwakifua', 25),
(554, 'Kwemkabala', 25),
(555, 'Genge', 25),
(556, 'Tanganyika', 25),
(557, 'Mpapayu', 25),
(558, 'Mlingano', 25),
(559, 'Central', 26),
(560, 'Majengo', 26),
(561, 'Nguvumali', 26),
(562, 'Chumbageni', 26),
(563, 'Ngamiani Kaskazini', 26),
(564, 'Ngamiani Kati', 26),
(565, 'Ngamiani Kusini', 26),
(566, 'Usagara', 26),
(567, 'Makorora', 26),
(568, 'Mzingani', 26),
(569, 'Msambweni', 26),
(570, 'Mwanzange', 26),
(571, 'Tangasisi', 26),
(572, 'Mabawa', 26),
(573, 'Tongoni', 26),
(574, 'Marungu', 26),
(575, 'Pongwe', 26),
(576, 'Maweni', 26),
(577, 'Duga', 26),
(578, 'Mzizima', 26),
(579, 'Mabokweni', 26),
(580, 'Kirare', 26),
(581, 'Kiomoni', 26),
(582, 'Chongoleani', 26),
(583, 'Pangani Mashariki', 27),
(584, 'Pangani Magharibi', 27),
(585, 'Bweni', 27),
(586, 'Madanga', 27),
(587, 'Kimang\'a', 27),
(588, 'Bushiri', 27),
(589, 'Mwera', 27),
(590, 'Tungamaa', 27),
(591, 'Kipumbwi', 27),
(592, 'Mikunguni', 27),
(593, 'Ubangaa', 27),
(594, 'Mkwaja', 27),
(595, 'Mkalamo', 27),
(596, 'Segera', 28),
(597, 'Ndolwa', 28),
(598, 'Mazingara', 28),
(599, 'Kwamsisi', 28),
(600, 'Kwasunga', 28),
(601, 'Kwaluguru', 28),
(602, 'Kang\'ata', 28),
(603, 'Kwamkonje', 28),
(604, 'Kwachaga', 28),
(605, 'Sindeni', 28),
(606, 'Misima', 28),
(607, 'Kiva', 28),
(608, 'Kabuku', 28),
(609, 'Kwamatuku', 28),
(610, 'Kwedizinga', 28),
(611, 'Mgambo', 28),
(612, 'Komkonga', 28),
(613, 'Mkata', 28),
(614, 'Kabuku ndani', 28),
(615, 'Kwamgwe', 28),
(616, 'Lwande', 29),
(617, 'Kikunde', 29),
(618, 'Songe', 29),
(619, 'Pagwi', 29),
(620, 'Masagalu', 29),
(621, 'Kimbe', 29),
(622, 'Kilindi', 29),
(623, 'Negero', 29),
(624, 'Mkindi', 29),
(625, 'Mvungwe', 29),
(626, 'Kwediboma', 29),
(627, 'Saunyi', 29),
(628, 'Jaila', 29),
(629, 'Msanja', 29),
(630, 'Kisangasa', 29),
(631, 'Mabalanga', 29),
(632, 'Kibirashi', 29),
(633, 'Kilwa', 29),
(634, 'Tunguli', 29),
(635, 'Kwekivu', 29),
(636, 'Mwakijembe', 30),
(637, 'Mkinga', 30),
(638, 'Duga', 30),
(639, 'Moa', 30),
(640, 'Manza', 30),
(641, 'Kwale', 30),
(642, 'Mtimbwani', 30),
(643, 'Gombero', 30),
(644, 'Mhinduro', 30),
(645, 'Maramba', 30),
(646, 'Kigongoi', 30),
(647, 'Daluni', 30),
(648, 'Bosha', 30),
(649, 'Mapatano', 30),
(650, 'Bwiti', 30),
(651, 'Mnyenzani', 30),
(652, 'Doda', 30),
(653, 'Boma', 30),
(654, 'Parungu Kasera', 30),
(655, 'Mayomboni', 30),
(656, 'Sigaya', 30),
(657, 'Ngombezi', 31),
(658, 'Mtonga', 31),
(659, 'Magunga', 31),
(660, 'Kwamndolwa', 31),
(661, 'Old Korogwe', 31),
(662, 'Manundu', 31),
(663, 'Kilole', 31),
(664, 'Kwamsisi', 31),
(665, 'Malezi', 32),
(666, 'Kwenjugo', 32),
(667, 'Mabanda', 32),
(668, 'Konje', 32),
(669, 'Mlimani', 32),
(670, 'Msasa', 32),
(671, 'Kideleko', 32),
(672, 'Kwamagome', 32),
(673, 'Vibaoni', 32),
(674, 'Chanika', 32),
(675, 'Mdoe', 32),
(676, 'Kwediyamba', 32),
(677, 'Mabula', 33),
(678, 'Maguha', 33),
(679, 'Berega', 33),
(680, 'Magubike', 33),
(681, 'Mamboya', 33),
(682, 'Dumila', 33),
(683, 'Magole', 33),
(684, 'Msowero', 33),
(685, 'Rudewa', 33),
(686, 'Chanzulu', 33),
(687, 'Kimamba \'A\'', 33),
(688, 'Kimamba \' B \'', 33),
(689, 'Mbumi', 33),
(690, 'Mkwatani', 33),
(691, 'Magomeni', 33),
(692, 'Kasiki', 33),
(693, 'Mabwerebwere', 33),
(694, 'Kilangali', 33),
(695, 'Mikumi', 33),
(696, 'Ruhembe', 33),
(697, 'Kidodi', 33),
(698, 'Vidunda', 33),
(699, 'Malolo', 33),
(700, 'Kisanga', 33),
(701, 'Uleling\'ombe', 33),
(702, 'Ulaya', 33),
(703, 'Zombo', 33),
(704, 'Lumuma', 33),
(705, 'Masanze', 33),
(706, 'Lumbiji', 33),
(707, 'Kitete', 33),
(708, 'Madoto', 33),
(709, 'Tindiga', 33),
(710, 'Ruaha', 33),
(711, 'Kasanga', 34),
(712, 'Kolero', 34),
(713, 'Mvuha', 34),
(714, 'Selembala', 34),
(715, 'Bwaki la Chini', 34),
(716, 'Bwakila Juu', 34),
(717, 'Kisaki', 34),
(718, 'Mngazi', 34),
(719, 'Singisa', 34),
(720, 'Mkambarani', 34),
(721, 'Mikese', 34),
(722, 'Kidugalo', 34),
(723, 'Mkulazi', 34),
(724, 'Ngerengere', 34),
(725, 'Tununguo', 34),
(726, 'Kiroka', 34),
(727, 'Mkuyuni', 34),
(728, 'Tegetero', 34),
(729, 'Kibogwa', 34),
(730, 'Kibungo Juu', 34),
(731, 'Kisemu', 34),
(732, 'Lundi', 34),
(733, 'Mtombozi', 34),
(734, 'Tawa', 34),
(735, 'Matuli', 34),
(736, 'Gwata', 34),
(737, 'Konde', 34),
(738, 'Bungu', 34),
(739, 'Kidatu', 35),
(740, 'Sanje', 35),
(741, 'Mkula', 35),
(742, 'Mang\'ula', 35),
(743, 'Kisawasawa', 35),
(744, 'Kiberege', 35),
(745, 'Kibaoni', 35),
(746, 'Ifakara', 35),
(747, 'Lumemo', 35),
(748, 'Idete', 35),
(749, 'Mbingu', 35),
(750, 'Mofu', 35),
(751, 'Mchombe', 35),
(752, 'Chisano', 35),
(753, 'Mlimba', 35),
(754, 'Utengule', 35),
(755, 'Masagati', 35),
(756, 'Uchindile', 35),
(757, 'Minepa', 36),
(758, 'Lupiro', 36),
(759, 'Kichangani', 36),
(760, 'Msogezi', 36),
(761, 'Vigoi', 36),
(762, 'Mahenge', 36),
(763, 'Isongo', 36),
(764, 'Ruaha', 36),
(765, 'Chirombola', 36),
(766, 'Sali', 36),
(767, 'Euga', 36),
(768, 'Mwaya', 36),
(769, 'Lukande', 36),
(770, 'Mbuga', 36),
(771, 'Ilonga', 36),
(772, 'Kilosa kwa Mpepo', 36),
(773, 'Ngoheranga', 36),
(774, 'Biro', 36),
(775, 'Malinyi', 36),
(776, 'Sofi', 36),
(777, 'Usangule', 36),
(778, 'Mtimbira', 36),
(779, 'Itete', 36),
(780, 'Iragua', 36),
(781, 'Sabasaba', 37),
(782, 'Uwanja wa Taifa', 37),
(783, 'Kiwanja Cha Ndege', 37),
(784, 'Mji Mpya', 37),
(785, 'Kingo', 37),
(786, 'Mji Mkuu', 37),
(787, 'Sultan Area', 37),
(788, 'Mafiga', 37),
(789, 'Mazimbu', 37),
(790, 'Mwembesongo', 37),
(791, 'Kichangani', 37),
(792, 'Kilakala', 37),
(793, 'Boma', 37),
(794, 'Mlimani', 37),
(795, 'Mbuyuni', 37),
(796, 'Kingolwira', 37),
(797, 'Bigwa', 37),
(798, 'Mzinga', 37),
(799, 'Kihonda', 37),
(800, 'Mvomero', 38),
(801, 'Hembeti', 38),
(802, 'Maskati', 38),
(803, 'Kibati', 38),
(804, 'Sungaji', 38),
(805, 'Mhonda', 38),
(806, 'Diongoya', 38),
(807, 'Mtibwa', 38),
(808, 'Kanga', 38),
(809, 'Bunduki', 38),
(810, 'Kikeo', 38),
(811, 'Langali', 38),
(812, 'Tchenzema', 38),
(813, 'Mzumbe', 38),
(814, 'Mlali', 38),
(815, 'Doma', 38),
(816, 'Melela', 38),
(817, 'Chakwale', 39),
(818, 'Iyogwe', 39),
(819, 'Idibo', 39),
(820, 'Kibedya', 39),
(821, 'Msingisi', 39),
(822, 'Gairo', 39),
(823, 'Rubeho', 39),
(824, 'Mandege', 39),
(825, 'Chagongwe', 39),
(826, 'Chanjale', 39),
(827, 'Nongwe', 39),
(828, 'Kiwangwa', 40),
(829, 'Msata', 40),
(830, 'Miono', 40),
(831, 'Mkange', 40),
(832, 'Magomeni', 40),
(833, 'Dunda', 40),
(834, 'Kiromo', 40),
(835, 'Zinga', 40),
(836, 'Yombo', 40),
(837, 'Vigwaza', 40),
(838, 'Talawanda', 40),
(839, 'Bwilingu', 40),
(840, 'Lugoba', 40),
(841, 'Ubenazomozi', 40),
(842, 'Kibindu', 40),
(843, 'Fukayose', 40),
(844, 'Kerege', 40),
(845, 'Pera', 40),
(846, 'Msoga', 40),
(847, 'Kimange', 40),
(848, 'Mandera', 40),
(849, 'Gwata', 41),
(850, 'Dutumi', 41),
(851, 'Magindu', 41),
(852, 'Soga', 41),
(853, 'Kikongo', 41),
(854, 'Ruvu', 41),
(855, 'Mlandizi', 41),
(856, 'Kwala', 41),
(857, 'Kilangalanga', 41),
(858, 'Janga', 41),
(859, 'Bokomnemela', 41),
(860, 'Kisarawe', 42),
(861, 'Msimbu', 42),
(862, 'Masaki', 42),
(863, 'Kibuta', 42),
(864, 'Marumbo', 42),
(865, 'Maneromango', 42),
(866, 'Msanga', 42),
(867, 'Marui', 42),
(868, 'Cholesamvula', 42),
(869, 'Vikumbulu', 42),
(870, 'Mafizi', 42),
(871, 'Kurui', 42),
(872, 'Mzenga', 42),
(873, 'Vihingo', 42),
(874, 'Kiluvya', 42),
(875, 'Mkuranga', 43),
(876, 'Tambani', 43),
(877, 'Vikindu', 43),
(878, 'Mbezi', 43),
(879, 'Shungubweni', 43),
(880, 'Kisiju', 43),
(881, 'Magawa', 43),
(882, 'Kitomondo', 43),
(883, 'Lukanga', 43),
(884, 'Nyamato', 43),
(885, 'Kimanzichana', 43),
(886, 'Mkamba', 43),
(887, 'Panzuo', 43),
(888, 'Bupu', 43),
(889, 'Mwarusembe', 43),
(890, 'Vianzi', 43),
(891, 'Njia nne', 43),
(892, 'Kiparang\'anda', 43),
(893, 'Ikwiriri', 44),
(894, 'Mgomba', 44),
(895, 'Umwe', 44),
(896, 'Utete', 44),
(897, 'Mkongo', 44),
(898, 'Ngorongo', 44),
(899, 'Mwaseni', 44),
(900, 'Kibiti', 44),
(901, 'Bungu', 44),
(902, 'Mahege', 44),
(903, 'Mchukwi', 44),
(904, 'Chumbi', 44),
(905, 'Mbwara', 44),
(906, 'Mtunda', 44),
(907, 'Ruaruke', 44),
(908, 'Salale', 44),
(909, 'Mbuchi', 44),
(910, 'Kiongoroni', 44),
(911, 'Maparoni', 44),
(912, 'Chemchem', 44),
(913, 'Ngarambe', 44),
(914, 'Dimani', 44),
(915, 'Mtawanya', 44),
(916, 'Mjawa', 44),
(917, 'Mlanzi', 44),
(918, 'Mwambao', 44),
(919, 'Kanga', 45),
(920, 'Kirongwe', 45),
(921, 'Baleni', 45),
(922, 'Ndagoni', 45),
(923, 'Kilindoni', 45),
(924, 'Miburani', 45),
(925, 'Kiegeani', 45),
(926, 'Jibondo', 45),
(927, 'Pangani', 46),
(928, 'Mailimoja', 46),
(929, 'Tumbi', 46),
(930, 'Picha ya Ndege', 46),
(931, 'Mkuza', 46),
(932, 'Kibaha', 46),
(933, 'Msangani', 46),
(934, 'Kongowe', 46),
(935, 'Misugusugu', 46),
(936, 'Visiga', 46),
(937, 'Mbwawa', 46),
(938, 'Magomeni', 47),
(939, 'Makurumla', 47),
(940, 'Ndugumbi', 47),
(941, 'Tandale', 47),
(942, 'Mwananyamala', 47),
(943, 'Msasani', 47),
(944, 'Kinondoni', 47),
(945, 'Mzimuni', 47),
(946, 'Kigogo', 47),
(947, 'Mabibo', 47),
(948, 'Manzese', 47),
(949, 'Ubungo', 47),
(950, 'Kibamba', 47),
(951, 'Goba', 47),
(952, 'Kawe', 47),
(953, 'Kunduchi', 47),
(954, 'Mbweni', 47),
(955, 'Bunju', 47),
(956, 'Makuburi', 47),
(957, 'Mburahati', 47),
(958, 'Makumbusho', 47),
(959, 'Sinza', 47),
(960, 'Kijitonyama', 47),
(961, 'Kimara', 47),
(962, 'Mikocheni', 47),
(963, 'Mbezi', 47),
(964, 'Hananasifu', 47),
(965, 'Saranga', 47),
(966, 'Kwembe', 47),
(967, 'Msigani', 47),
(968, 'Mbezi Juu', 47),
(969, 'Makongo', 47),
(970, 'Mabwepande', 47),
(971, 'Wazo', 47),
(972, 'Ukonga', 48),
(973, 'Pugu', 48),
(974, 'Msongola', 48),
(975, 'Tabata', 48),
(976, 'Kinyerezi', 48),
(977, 'Ilala', 48),
(978, 'Mchikichini', 48),
(979, 'Vingunguti', 48),
(980, 'Kipawa', 48),
(981, 'Buguruni', 48),
(982, 'Kariakoo', 48),
(983, 'Jangwani', 48),
(984, 'Gerezani', 48),
(985, 'Kisutu', 48),
(986, 'Mchafukoge', 48),
(987, 'Upanga Mashariki', 48),
(988, 'Upanga Magharibi', 48),
(989, 'Kivukoni', 48),
(990, 'Kiwalani', 48),
(991, 'Segerea', 48),
(992, 'Kitunda', 48),
(993, 'Chanika', 48),
(994, 'Kivule', 48),
(995, 'Gongolamboto', 48),
(996, 'Majohe', 48),
(997, 'Kimanga', 48),
(998, 'Kigamboni', 49),
(999, 'Vijibweni', 49),
(1000, 'Kibada', 49),
(1001, 'Kisarawe II', 49),
(1002, 'Somangila', 49),
(1003, 'Kimbiji', 49),
(1004, 'Mbagala', 49),
(1005, 'Chamazi', 49),
(1006, 'Yombo Vituka', 49),
(1007, 'Charambe', 49),
(1008, 'Toangoma', 49),
(1009, 'Miburani', 49),
(1010, 'Temeke', 49),
(1011, 'Mtoni', 49),
(1012, 'Keko', 49),
(1013, 'Kurasini', 49),
(1014, 'Azimio', 49),
(1015, 'Tandika', 49),
(1016, 'Sandali', 49),
(1017, 'Chang\'ombe', 49),
(1018, 'Mbagala Kuu', 49),
(1019, 'Makangarawe', 49),
(1020, 'Pemba Mnazi', 49),
(1021, 'Mjimwema', 49),
(1022, 'Tungi', 49),
(1023, 'Kijichi', 49),
(1024, 'Mianzini', 49),
(1025, 'Kiburugwa', 49),
(1026, 'Buza', 49),
(1027, 'Kilakala', 49),
(1028, 'Tingi', 50),
(1029, 'Miteja', 50),
(1030, 'Mingumbi', 50),
(1031, 'Kinjumbi', 50),
(1032, 'Chumo', 50),
(1033, 'Kipatimu', 50),
(1034, 'Kandawale', 50),
(1035, 'Njinjo', 50),
(1036, 'Mitole', 50),
(1037, 'Miguruwe', 50),
(1038, 'Likawage', 50),
(1039, 'Nanjirinji', 50),
(1040, 'Kirnjernje', 50),
(1041, 'Mandawa', 50),
(1042, 'Lihimalyao', 50),
(1043, 'Pande', 50),
(1044, 'Kikole', 50),
(1045, 'Kivinjesingino', 50),
(1046, 'Songosongo', 50),
(1047, 'Masoko', 50),
(1048, 'Kibata', 50),
(1049, 'Mipingo', 51),
(1050, 'Kitomanga', 51),
(1051, 'Mchinga', 51),
(1052, 'Kilolambwani', 51),
(1053, 'Kilangala', 51),
(1054, 'Kiwalala', 51),
(1055, 'Navanga', 51),
(1056, 'Mnolela', 51),
(1057, 'Sudi', 51),
(1058, 'Nachunyu', 51),
(1059, 'Mtama', 51),
(1060, 'Nyangao', 51),
(1061, 'Namupa', 51),
(1062, 'Nyengedi', 51),
(1063, 'Mtua', 51),
(1064, 'Nahukahuka', 51),
(1065, 'Nyangamara', 51),
(1066, 'Mandwanga', 51),
(1067, 'Mnara', 51),
(1068, 'Chiponda', 51),
(1069, 'Pangatena', 51),
(1070, 'Longa', 51),
(1071, 'Rutamba', 51),
(1072, 'Milola', 51),
(1073, 'Kiwawa', 51),
(1074, 'Mtumbya', 51),
(1075, 'Matimba', 51),
(1076, 'Nangaru', 51),
(1077, 'Majengo', 51),
(1078, 'Namangale', 51),
(1079, 'Nambambo', 52),
(1080, 'Kilimanihewa', 52),
(1081, 'Ruponda', 52),
(1082, 'Minero Miembeni', 52),
(1083, 'Namapwia', 52),
(1084, 'Kipara Mnero', 52),
(1085, 'Lionja', 52),
(1086, 'Namikango', 52),
(1087, 'Nditi', 52),
(1088, 'Kilima Rondo', 52),
(1089, 'Mbondo', 52),
(1090, 'Kiegei', 52),
(1091, 'Mkoka', 52),
(1092, 'Chiola', 52),
(1093, 'Mpiruka', 52),
(1094, 'Nangowe', 52),
(1095, 'Mkotokuyana', 52),
(1096, 'Naipanga', 52),
(1097, 'Stesheni', 52),
(1098, 'Naipingo', 52),
(1099, 'Mtua', 52),
(1100, 'Minerongongo', 52),
(1101, 'Matekwe', 52),
(1102, 'Marambo', 52),
(1103, 'Namatula', 52),
(1104, 'Ndomoni', 52),
(1105, 'Liwale Mjini', 53),
(1106, 'Mihumo', 53),
(1107, 'Ngongowele', 53),
(1108, 'Mlembwe', 53),
(1109, 'Makata', 53),
(1110, 'Barikiwa', 53),
(1111, 'Mkutano', 53),
(1112, 'Mbaya', 53),
(1113, 'Kimambi', 53),
(1114, 'Kiangara', 53),
(1115, 'Kibutuka', 53),
(1116, 'Nangano', 53),
(1117, 'Mpigamiti', 53),
(1118, 'Mirui', 53),
(1119, 'Liwale \'B\'', 53),
(1120, 'Mangirikiti', 53),
(1121, 'Nangando', 53),
(1122, 'Likongowele', 53),
(1123, 'Kichonda', 53),
(1124, 'Lilombe', 53),
(1125, 'Ruangwa', 54),
(1126, 'Mbekenyera', 54),
(1127, 'Nkowe', 54),
(1128, 'Malolo', 54),
(1129, 'Luchelegwa', 54),
(1130, 'Chienjele', 54),
(1131, 'Namichiga', 54),
(1132, 'Narung\'ombe', 54),
(1133, 'Makanjiro', 54),
(1134, 'Likunja', 54),
(1135, 'Mnacho', 54),
(1136, 'Mandawa', 54),
(1137, 'Nambilanje', 54),
(1138, 'Chunyu', 54),
(1139, 'Mandarawe', 54),
(1140, 'Nachingwea', 54),
(1141, 'Matambarale', 54),
(1142, 'Chibula', 54),
(1143, 'Nandagala', 54),
(1144, 'Nanganga', 54),
(1145, 'Chinongwe', 54),
(1146, 'Ndoro', 55),
(1147, 'Makonde', 55),
(1148, 'Mikumbi', 55),
(1149, 'Mitandi', 55),
(1150, 'Rahaleo', 55),
(1151, 'Mwenge', 55),
(1152, 'Matopeni', 55),
(1153, 'Wailes', 55),
(1154, 'Nachingwea', 55),
(1155, 'Rasbura', 55),
(1156, 'Mtanda', 55),
(1157, 'Jamhuri', 55),
(1158, 'Msinjahili', 55),
(1159, 'Mingoyo', 55),
(1160, 'Ng\'apa', 55),
(1161, 'Tandangongoro', 55),
(1162, 'Chikonji', 55),
(1163, 'Mbanja', 55),
(1164, 'Madimba', 56),
(1165, 'Ziwani', 56),
(1166, 'Nanguruwe', 56),
(1167, 'Mahurunga', 56),
(1168, 'Kitaya', 56),
(1169, 'Kiromba', 56),
(1170, 'Njengwa', 56),
(1171, 'Nitekela', 56),
(1172, 'Nanyamba', 56),
(1173, 'Mtiniko', 56),
(1174, 'Dihimba', 56),
(1175, 'Mnima', 56),
(1176, 'Kitere', 56),
(1177, 'Ndumbwe', 56),
(1178, 'Mayanga', 56),
(1179, 'Naumbu', 56),
(1180, 'Chawi', 56),
(1181, 'Namtumbuka', 56),
(1182, 'Libobe', 56),
(1183, 'Mpapura', 56),
(1184, 'Muungano', 56),
(1185, 'Mbawala', 56),
(1186, 'Msanga Mkuu', 56),
(1187, 'Tangazo', 56),
(1188, 'Kiyanga', 56),
(1189, 'Milango Minne', 56),
(1190, 'Mbembaleo', 56),
(1191, 'Mtimbwilimbwi', 56),
(1192, 'Luchindu', 57),
(1193, 'Makote', 57),
(1194, 'Nanguruwe', 57),
(1195, 'Mkunya', 57),
(1196, 'Mcholi I', 57),
(1197, 'Namiyonga', 57),
(1198, 'Mnekachi', 57),
(1199, 'Chitekete', 57),
(1200, 'Mnyambe', 57),
(1201, 'Chilangala', 57),
(1202, 'Mkoma II', 57),
(1203, 'Kitangari', 57),
(1204, 'Malatu', 57),
(1205, 'Mchemo', 57),
(1206, 'Mtopwa', 57),
(1207, 'Chiwonga', 57),
(1208, 'Maputi', 57),
(1209, 'Makukwe', 57),
(1210, 'Mkwedu', 57),
(1211, 'Mcholi II', 57),
(1212, 'Mtonya', 57),
(1213, 'Makonga', 57),
(1214, 'Nakahako', 57),
(1215, 'Chihangu', 57),
(1216, 'Nambali', 57),
(1217, 'Nandwahi', 57),
(1218, 'Mtunguru', 57),
(1219, 'Mdimba MpeleMpele', 57),
(1220, 'Namatutwe', 58),
(1221, 'Namajani', 58),
(1222, 'Mlingula', 58),
(1223, 'Chiwale', 58),
(1224, 'Lukuledi', 58),
(1225, 'Mpanyani', 58),
(1226, 'Chigugu', 58),
(1227, 'Mwena', 58),
(1228, 'Nanganga', 58),
(1229, 'Chiwata', 58),
(1230, 'Mkundi', 58),
(1231, 'Mkululu', 58),
(1232, 'Nanjota', 58),
(1233, 'Chiungutwa', 58),
(1234, 'Mbuyuni', 58),
(1235, 'Lipumburu', 58),
(1236, 'Sindano', 58),
(1237, 'Namalenga', 58),
(1238, 'Mchauru', 58),
(1239, 'Mnavira', 58),
(1240, 'Chikolopola', 58),
(1241, 'Lulindi', 58),
(1242, 'Tandahimba', 59),
(1243, 'Kitama', 59),
(1244, 'Michenjele', 59),
(1245, 'Mihambwe', 59),
(1246, 'Mkoreha', 59),
(1247, 'Maundo', 59),
(1248, 'Naputa', 59),
(1249, 'Namikupa', 59),
(1250, 'Mnyawa', 59),
(1251, 'Mkundi', 59),
(1252, 'Lukokoda', 59),
(1253, 'Mahuta', 59),
(1254, 'Nanhyanga', 59),
(1255, 'Chingungwe', 59),
(1256, 'Mdimba Mnyoma', 59),
(1257, 'Milongodi', 59),
(1258, 'Lyenje', 59),
(1259, 'Chaume', 59),
(1260, 'Mkonjowano', 59),
(1261, 'Luagala', 59),
(1262, 'Ngunja', 59),
(1263, 'Mkwiti', 59),
(1264, 'Litehu', 59),
(1265, 'Nambahu', 59),
(1266, 'Miuta', 59),
(1267, 'Kwanyama', 59),
(1268, 'Mchichira', 59),
(1269, 'Chikongola', 59),
(1270, 'Dinduma', 59),
(1271, 'Mdumbwe', 59),
(1272, 'Majengo', 60),
(1273, 'Chikongola', 60),
(1274, 'Likombe', 60),
(1275, 'Railway', 60),
(1276, 'Shangani', 60),
(1277, 'Vigaeni', 60),
(1278, 'Chuno', 60),
(1279, 'Jangwani', 60),
(1280, 'Kisungule', 60),
(1281, 'Mitengo', 60),
(1282, 'Mtonya', 60),
(1283, 'Ufukoni', 60),
(1284, 'Magengeni', 60),
(1285, 'Rahaleo', 60),
(1286, 'Naliendele', 60),
(1287, 'Mangaka', 61),
(1288, 'Nangomba', 61),
(1289, 'Lumesule', 61),
(1290, 'Likokona', 61),
(1291, 'Sengenya', 61),
(1292, 'Mnanje', 61),
(1293, 'Mikangaula', 61),
(1294, 'Maratani', 61),
(1295, 'Nandete', 61),
(1296, 'Mkonona', 61),
(1297, 'Nanyumbu', 61),
(1298, 'Masuguru', 61),
(1299, 'Chipuputa', 61),
(1300, 'Napacho', 61),
(1301, 'Mwenge Mtapika', 62),
(1302, 'Temeke', 62),
(1303, 'Mkuti', 62),
(1304, 'Mpindimbi', 62),
(1305, 'Nyasa', 62),
(1306, 'Marika', 62),
(1307, 'Mkomaindo', 62),
(1308, 'Mtandi', 62),
(1309, 'Jida', 62),
(1310, 'Migongo', 62),
(1311, 'Mwenge', 62),
(1312, 'Sululu', 62),
(1313, 'Kalulu', 63),
(1314, 'Ligunga', 63),
(1315, 'Mlingoti  Mashariki', 63),
(1316, 'Mindu', 63),
(1317, 'Ngapa', 63),
(1318, 'Nakapanya', 63),
(1319, 'Muhuwesi', 63),
(1320, 'Tuwemacho', 63),
(1321, 'Ligoma', 63),
(1322, 'Misechela', 63),
(1323, 'Namasakata', 63),
(1324, 'Mtina', 63),
(1325, 'Mchesi', 63),
(1326, 'Lukumbule', 63),
(1327, 'Nalasi-Magharibi', 63),
(1328, 'Mchoteka', 63),
(1329, 'Marumba', 63),
(1330, 'Mbesa', 63),
(1331, 'Mlingoti  Magharibi', 63),
(1332, 'Kidodoma', 63),
(1333, 'Nandembo', 63),
(1334, 'Nampungu', 63),
(1335, 'Matemanga', 63),
(1336, 'Namwinyu', 63),
(1337, 'Mbati', 63),
(1338, 'Nalasi Mashariki', 63),
(1339, 'Mchuluka', 63),
(1340, 'Namiungo', 63),
(1341, 'Jakika', 63),
(1342, 'Masonya', 63),
(1343, 'Sisikwasisi', 63),
(1344, 'Mchangani', 63),
(1345, 'Majengo', 63),
(1346, 'Nanjoka', 63),
(1347, 'Nakayaya', 63),
(1348, 'Wino', 64),
(1349, 'Ndongosi', 64),
(1350, 'Matumbi', 64),
(1351, 'Mpandangino', 64),
(1352, 'Gumbiro', 64),
(1353, 'Mpitimbi', 64),
(1354, 'Muhuruku', 64),
(1355, 'Magagura', 64),
(1356, 'Litisha', 64),
(1357, 'Kilagano', 64),
(1358, 'Maposeni', 64),
(1359, 'Peramiho', 64),
(1360, 'Mahanje', 64),
(1361, 'Matimira', 64),
(1362, 'Mtyangimbole', 64),
(1363, 'Mkongotema', 64),
(1364, 'Mbinga Mhalule', 64),
(1365, 'Ruanda', 65),
(1366, 'Litumbandyosi', 65),
(1367, 'Kigonsera', 65),
(1368, 'Kihangi Mahuka', 65),
(1369, 'Utiri', 65),
(1370, 'Mbinga Mjini', 65),
(1371, 'Kilimani', 65),
(1372, 'Mbangamao', 65),
(1373, 'Kihungu', 65),
(1374, 'Kikolo', 65),
(1375, 'Kambarage', 65),
(1376, 'Mapera', 65),
(1377, 'Kipapa', 65),
(1378, 'Kipololo', 65),
(1379, 'Nyoni', 65),
(1380, 'Luwaita', 65),
(1381, 'Maguu', 65),
(1382, 'Kitumbalomo', 65),
(1383, 'Mkako', 65),
(1384, 'Mikalanga', 65),
(1385, 'Langiro', 65),
(1386, 'Mbuji', 65),
(1387, 'Litembo', 65),
(1388, 'Ngima', 65),
(1389, 'Myangayanga', 65),
(1390, 'Mkumbi', 65),
(1391, 'Linda', 65),
(1392, 'Matiri', 65),
(1393, 'Ukata', 65),
(1394, 'Kitanda', 65),
(1395, 'Kitura', 65),
(1396, 'Namswea', 65),
(1397, 'Mpepai', 65),
(1398, 'Mpapa', 65),
(1399, 'Mjini', 66),
(1400, 'Majengo', 66),
(1401, 'Misufini', 66),
(1402, 'Mfaranyaki', 66),
(1403, 'Lizaboni', 66),
(1404, 'Matarawe', 66),
(1405, 'Bombambili', 66),
(1406, 'Matogoro', 66),
(1407, 'Ruvuma', 66),
(1408, 'Subira', 66),
(1409, 'Ruhuwiko', 66),
(1410, 'Mshangano', 66),
(1411, 'Mletele', 66),
(1412, 'Seedfarm', 66),
(1413, 'Tanga', 66),
(1414, 'Msamala', 66),
(1415, 'Mwengemshindo', 66),
(1416, 'Mjimwema', 66),
(1417, 'Mateka', 66),
(1418, 'Ndilimalitembo', 66),
(1419, 'Rwinga', 67),
(1420, 'Mkongo', 67),
(1421, 'Ligera', 67),
(1422, 'Lusewa', 67),
(1423, 'Magazini', 67),
(1424, 'Msindo', 67),
(1425, 'Luchili', 67),
(1426, 'Namabengo', 67),
(1427, 'Kitanda', 67),
(1428, 'Luegu', 67),
(1429, 'Namtumbo', 67),
(1430, 'Mgombasi', 67),
(1431, 'Litola', 67),
(1432, 'Likuyuseka', 67),
(1433, 'Mputa', 67),
(1434, 'Hanga', 67),
(1435, 'Limamu', 67),
(1436, 'Mchomoro', 67),
(1437, 'Liparamba', 68),
(1438, 'Tingi', 68),
(1439, 'Chiwanda', 68),
(1440, 'Mtipwili', 68),
(1441, 'Kingerikiti', 68),
(1442, 'Luhangarasi', 68),
(1443, 'Kilosa', 68),
(1444, 'Mbambabay', 68),
(1445, 'Lipingo', 68),
(1446, 'Liuli', 68),
(1447, 'Kihagara', 68),
(1448, 'Ngumbo', 68),
(1449, 'Liwundi', 68),
(1450, 'Mbaha', 68),
(1451, 'Lituhi', 68),
(1452, 'Kalenga', 69),
(1453, 'Kiwere', 69),
(1454, 'Nzihi', 69),
(1455, 'Ulanda', 69),
(1456, 'Mseke', 69),
(1457, 'Maguliwa', 69),
(1458, 'Mgama', 69),
(1459, 'Ifunda', 69),
(1460, 'Lumuli', 69),
(1461, 'Maboga', 69),
(1462, 'Wasa', 69),
(1463, 'Mahuninga', 69),
(1464, 'Idodi', 69),
(1465, 'Mlowa', 69),
(1466, 'Itunundu', 69),
(1467, 'Ilolo Mpya', 69),
(1468, 'Nduli', 69),
(1469, 'Kihorogota', 69),
(1470, 'Izazi', 69),
(1471, 'Malenga Makali', 69),
(1472, 'Nyang\'oro', 69),
(1473, 'Luhota', 69),
(1474, 'Lyamgungwe', 69),
(1475, 'Mlenge', 69),
(1476, 'Migoli', 69),
(1477, 'Kiyowela', 70),
(1478, 'Makungu', 70),
(1479, 'Mninga', 70),
(1480, 'Kasanga', 70),
(1481, 'Igowole', 70),
(1482, 'Mtambula', 70),
(1483, 'Itandula', 70),
(1484, 'Mbalamaziwa', 70),
(1485, 'Idunda', 70),
(1486, 'Malangali', 70),
(1487, 'Nyololo', 70),
(1488, 'Ihowanza', 70),
(1489, 'Ikweha', 70),
(1490, 'Sadani', 70),
(1491, 'Igombavanu', 70),
(1492, 'Bumilayinga', 70),
(1493, 'Mtwango', 70),
(1494, 'Isalavanu', 70),
(1495, 'Rungemba', 70),
(1496, 'Ifwagi', 70),
(1497, 'Mdabulo', 70),
(1498, 'Ihalimba', 70),
(1499, 'Kibengu', 70),
(1500, 'Mapanda', 70),
(1501, 'Mpanga', 70),
(1502, 'Ihanu', 70),
(1503, 'Luhanga', 70),
(1504, 'Kihesa', 71),
(1505, 'Mtwivila', 71),
(1506, 'Gangilonga', 71),
(1507, 'Kitanzini', 71),
(1508, 'Ruaha', 71),
(1509, 'Mshindo', 71),
(1510, 'Mivinjeni', 71),
(1511, 'Mlandege', 71),
(1512, 'Mwangata', 71),
(1513, 'Kwakilosa', 71),
(1514, 'Makorongoni', 71),
(1515, 'Ilala', 71),
(1516, 'Mkwawa', 71),
(1517, 'Kitwiru', 71),
(1518, 'Isakalilo', 71),
(1519, 'Nduli', 71),
(1520, 'Image', 72),
(1521, 'Irole', 72),
(1522, 'Ilula', 72),
(1523, 'Uhambingeto', 72),
(1524, 'Udekwa', 72),
(1525, 'Mahenge', 72),
(1526, 'Mtitu', 72),
(1527, 'Dabaga', 72),
(1528, 'Ukumbi', 72),
(1529, 'Ukwega', 72),
(1530, 'Boma la Ng\'ombe', 72),
(1531, 'Idete', 72),
(1532, 'Masisiwe', 72),
(1533, 'Ng\'uruhe', 72),
(1534, 'Ng\'ang\'ange', 72),
(1535, 'Ihimbo', 72),
(1536, 'Lugalo', 72),
(1537, 'Nyalumbu', 72),
(1538, 'Mlafu', 72),
(1539, 'Ibumu', 72),
(1540, 'Ruaha Mbuyuni', 72),
(1541, 'Kimala', 72),
(1542, 'Sao Hill', 73),
(1543, 'Boma', 73),
(1544, 'Kinyanambo', 73),
(1545, 'Kambikatoto', 74),
(1546, 'Mafyeko', 74),
(1547, 'Matwiga', 74),
(1548, 'Mtanila', 74),
(1549, 'Lupatingatinga', 74),
(1550, 'Luwalaje', 74),
(1551, 'Sangambi', 74),
(1552, 'Itewe', 74),
(1553, 'Chokaa', 74),
(1554, 'Mbugani', 74),
(1555, 'Chalangwa', 74),
(1556, 'Ifumbo', 74),
(1557, 'Kanga', 75),
(1558, 'Galula', 75),
(1559, 'Mbuyuni', 75),
(1560, 'Totowe', 75),
(1561, 'Namkukwe', 75),
(1562, 'Mkwajuni', 75),
(1563, 'Mbangala', 75),
(1564, 'Kapalala', 75),
(1565, 'Gua', 75),
(1566, 'Ngwala', 75),
(1567, 'Mamba', 74),
(1568, 'Ifyenkenya', 75),
(1569, 'Magamba', 75),
(1570, 'Saza', 75),
(1571, 'Mwambani', 75),
(1572, 'Mkola', 74),
(1573, 'Makongorosi', 74),
(1574, 'Matundasi', 74),
(1575, 'Ihango', 76),
(1576, 'Ulenje', 76),
(1577, 'Tembela', 76),
(1578, 'Ijombe', 76),
(1579, 'Santilya', 76),
(1580, 'Ilembo', 76),
(1581, 'Iwiji', 76),
(1582, 'Isuto', 76),
(1583, 'Igale', 76),
(1584, 'Iwindi', 76),
(1585, 'Utengule Usongwe', 76),
(1586, 'Mshewe', 76),
(1587, 'Ikukwa', 76),
(1588, 'Iyunga Mapinduzi', 76),
(1589, 'Bonde la Songwe', 76),
(1590, 'Inyala', 76),
(1591, 'Ilungu', 76),
(1592, 'Maendeleo', 76),
(1593, 'Swaya', 76),
(1594, 'Masoko', 76),
(1595, 'Itawa', 76),
(1596, 'Nsalala', 76),
(1597, 'Lwanjiro', 76),
(1598, 'Itewe', 76),
(1599, 'Igoma', 76),
(1600, 'Lusungo', 77),
(1601, 'Makwale', 77),
(1602, 'Matema', 77),
(1603, 'Mwaya', 77),
(1604, 'Ndobo', 77),
(1605, 'Kajunjumele', 77),
(1606, 'Bujonde', 77),
(1607, 'Ikolo', 77),
(1608, 'Katumbasongwe', 77),
(1609, 'Ngana', 77),
(1610, 'Busale', 77),
(1611, 'Ipande', 77),
(1612, 'Ikama', 77),
(1613, 'Ipinda', 77),
(1614, 'Ngonga', 77),
(1615, 'Ikimba', 77),
(1616, 'Itope', 77),
(1617, 'Muungano', 77),
(1618, 'Talatala', 77),
(1619, 'Kyela', 77),
(1620, 'Swaya', 78),
(1621, 'Masebe', 78),
(1622, 'Suma', 78),
(1623, 'Kandete', 78),
(1624, 'Luteba', 78),
(1625, 'Mpombo', 78),
(1626, 'Isange', 78),
(1627, 'Kabula', 78),
(1628, 'Lwangwa', 78),
(1629, 'Lufilyo', 78),
(1630, 'Itete', 78),
(1631, 'Kisegese', 78),
(1632, 'Lupata', 78),
(1633, 'Kambasegela', 78),
(1634, 'Masukulu', 78),
(1635, 'Kisiba', 78),
(1636, 'Masoko', 78),
(1637, 'Bujela', 78),
(1638, 'Ilima', 78),
(1639, 'Kisondela', 78),
(1640, 'Ikuti', 78),
(1641, 'Malindo', 78),
(1642, 'Mpuguso', 78),
(1643, 'Kikole', 78),
(1644, 'Lufingo', 78),
(1645, 'Nkunga', 78),
(1646, 'Kyimo', 78),
(1647, 'Kinyala', 78),
(1648, 'Kiwira', 78),
(1649, 'Isongole', 78),
(1650, 'Ikama', 78),
(1651, 'Ibighi', 78),
(1652, 'Bagamoyo', 78),
(1653, 'Kawetele', 78),
(1654, 'Bulyaga', 78),
(1655, 'Msasani', 78),
(1656, 'Makandana', 78),
(1657, 'Itumba', 79),
(1658, 'Itale', 79),
(1659, 'Ibaba', 79),
(1660, 'Ndola', 79),
(1661, 'Luswisi', 79),
(1662, 'Ngulilo', 79),
(1663, 'Lubanda', 79),
(1664, 'Ngulugulu', 79),
(1665, 'Sange', 79),
(1666, 'Ikinga', 79),
(1667, 'Kafule', 79),
(1668, 'Malangali', 79),
(1669, 'Bupigu', 79),
(1670, 'Isongole', 79),
(1671, 'Chitete', 79),
(1672, 'Mbebe', 79),
(1673, 'Mlale', 79),
(1674, 'Kalembo', 79),
(1675, 'Ihanda', 80),
(1676, 'Bara', 80),
(1677, 'Nanyala', 80),
(1678, 'Nambinzo', 80),
(1679, 'Itaka', 80),
(1680, 'Isansa', 80),
(1681, 'Ruanda', 80),
(1682, 'Iyula', 80),
(1683, 'Nyambili', 80),
(1684, 'Mlangali', 80),
(1685, 'Myovizi', 80),
(1686, 'Igamba', 80),
(1687, 'Halungu', 80),
(1688, 'Msia', 80),
(1689, 'Mlowo', 80),
(1690, 'Ipunga', 80),
(1691, 'Isandula', 80),
(1692, 'Vwawa', 80),
(1693, 'Luhanga', 81),
(1694, 'Madibira', 81),
(1695, 'Mawindi', 81),
(1696, 'Ihahi', 81),
(1697, 'Mapogoro', 81),
(1698, 'Chimala', 81),
(1699, 'Utengule Usangu', 81),
(1700, 'Ruiwa', 81),
(1701, 'Mahongole', 81),
(1702, 'Ubaruku', 81),
(1703, 'Igurusi', 81),
(1704, 'Kongolo', 81),
(1705, 'Mwatenga', 81),
(1706, 'Imalilosongwe', 81),
(1707, 'Igava', 81),
(1708, 'Ipwani', 81),
(1709, 'Itambaleo', 81),
(1710, 'Miyombweni', 81),
(1711, 'Rujewa', 81),
(1712, 'Sisimba', 82),
(1713, 'Isanga', 82),
(1714, 'Iganzo', 82),
(1715, 'Mwansekwa', 82),
(1716, 'Itagano', 82),
(1717, 'Itezi', 82),
(1718, 'Nsalaga', 82),
(1719, 'Igawilo', 82),
(1720, 'Iganjo', 82),
(1721, 'Uyole', 82),
(1722, 'Iduda', 82),
(1723, 'Mwasanga', 82),
(1724, 'Tembela', 82),
(1725, 'Ilomba', 82),
(1726, 'Mwakibete', 82),
(1727, 'Ilemi', 82),
(1728, 'Isyesye', 82),
(1729, 'Ruanda', 82),
(1730, 'Iyela', 82),
(1731, 'Sinde', 82),
(1732, 'Maanga', 82),
(1733, 'Mbalizi RD', 82),
(1734, 'Forest', 82),
(1735, 'Mabatini', 82),
(1736, 'Nzovwe', 82),
(1737, 'Kalobe', 82),
(1738, 'Iyunga', 82),
(1739, 'Iwambi', 82),
(1740, 'Itende', 82),
(1741, 'Iziwa', 82),
(1742, 'Nsoho', 82),
(1743, 'Majengo', 82),
(1744, 'Ghana', 82),
(1745, 'Nonde', 82),
(1746, 'Itiji', 82),
(1747, 'Maendeleo', 82),
(1748, 'Chilulumo', 83),
(1749, 'Kamsamba', 83),
(1750, 'Ivuna', 83),
(1751, 'Mpapa', 83),
(1752, 'Mkulwe', 83),
(1753, 'Chitete', 83),
(1754, 'Msangano', 83),
(1755, 'Chiwezi', 83),
(1756, 'Nkangamo', 83),
(1757, 'Ndalembo', 83),
(1758, 'Kapele', 83),
(1759, 'Nzoka', 83),
(1760, 'Myunga', 83),
(1761, 'Tunduma', 84),
(1762, 'Urughu', 85),
(1763, 'Mtekente', 85),
(1764, 'Mtoa', 85),
(1765, 'Mgongo', 85),
(1766, 'Shelui', 85),
(1767, 'Ntwike', 85),
(1768, 'Tulya', 85),
(1769, 'Kidaru', 85),
(1770, 'Kisiriri', 85),
(1771, 'Kiomboi', 85),
(1772, 'Kinampanda', 85),
(1773, 'Ulemo', 85),
(1774, 'Kyengege', 85),
(1775, 'Ndago', 85),
(1776, 'Mbelekese', 85),
(1777, 'Kaselya', 85),
(1778, 'Ndulungu', 85),
(1779, 'Mudida', 86),
(1780, 'Makuro', 86),
(1781, 'Ikhanoda', 86),
(1782, 'Mwasauya', 86),
(1783, 'Msange', 86),
(1784, 'Maghojoa', 86),
(1785, 'Itaja', 86),
(1786, 'Ngimu', 86),
(1787, 'Mughunga', 86),
(1788, 'Mgori', 86),
(1789, 'Mughamo', 86),
(1790, 'Kinyagigi', 86),
(1791, 'Merya', 86),
(1792, 'Kinyeto', 86),
(1793, 'Ntonge', 86),
(1794, 'Ilongero', 86),
(1795, 'Mrama', 86),
(1796, 'Kijota', 86),
(1797, 'Mtinko', 86),
(1798, 'Ughandi', 86),
(1799, 'Msisi', 86),
(1800, 'Manyoni', 87),
(1801, 'Solya', 87),
(1802, 'Makuru', 87),
(1803, 'Chikuyu', 87),
(1804, 'Makanda', 87),
(1805, 'Kintinku', 87),
(1806, 'Mvumi', 87),
(1807, 'Majiri', 87),
(1808, 'Sasajila', 87),
(1809, 'Idodyandole', 87),
(1810, 'Chikola', 87),
(1811, 'Heka', 87),
(1812, 'Nkonko', 87),
(1813, 'Sanza', 87),
(1814, 'Isseke', 87),
(1815, 'Rungwa', 87),
(1816, 'Mgandu', 87),
(1817, 'Itigi Mjini', 87),
(1818, 'Ipande', 87),
(1819, 'Sanjaranda', 87),
(1820, 'Aghondi', 87),
(1821, 'Mkwese', 87),
(1822, 'Muhalala', 87),
(1823, 'Saranda', 87),
(1824, 'Makutupora', 87),
(1825, 'Sasilo', 87),
(1826, 'Mwamagembe', 87),
(1827, 'Mitundu', 87),
(1828, 'Kitaraka', 87),
(1829, 'Itigi Majengo', 87),
(1830, 'Mtipa', 88),
(1831, 'Mughanga', 88),
(1832, 'Mitunduru', 88),
(1833, 'Majengo', 88),
(1834, 'Umyambwa', 88),
(1835, 'Mungu maji', 88),
(1836, 'Unyamikumbi', 88),
(1837, 'Mtamaa', 88),
(1838, 'Kindai', 88),
(1839, 'Ipembe', 88),
(1840, 'Utemini', 88),
(1841, 'Mwankoko', 88),
(1842, 'Mandewa', 88),
(1843, 'Minga', 88),
(1844, 'Misuna', 88),
(1845, 'Uhamaka', 88),
(1846, 'Puma', 89),
(1847, 'Kituntu', 89),
(1848, 'Mungaa', 89),
(1849, 'Siuyu', 89),
(1850, 'Kikio', 89),
(1851, 'Lighwa', 89),
(1852, 'Misughaa', 89),
(1853, 'Ntuntu', 89),
(1854, 'Dung\'unyi', 89),
(1855, 'Mang\'onyi', 89),
(1856, 'Mkiwa', 89),
(1857, 'Issuna', 89),
(1858, 'Unyahati', 89),
(1859, 'Ikungi', 89),
(1860, 'Iglansoni', 89),
(1861, 'Iseke', 89),
(1862, 'Ihanja', 89),
(1863, 'Minyughe', 89),
(1864, 'Muhintiri', 89),
(1865, 'Iyumbu', 89),
(1866, 'Mgungira', 89),
(1867, 'Mwaru', 89),
(1868, 'Ighombwe', 89),
(1869, 'Mtunduru', 89),
(1870, 'Sepuka', 89),
(1871, 'Irisya', 89),
(1872, 'Mpambala', 90),
(1873, 'Mwangeza', 90),
(1874, 'Mwanga', 90),
(1875, 'Nkinto', 90),
(1876, 'Ibaga', 90),
(1877, 'Gumanga', 90),
(1878, 'Msingi', 90),
(1879, 'Nduguti', 90),
(1880, 'Ilunda', 90),
(1881, 'Kinyangiri', 90),
(1882, 'Iguguno', 90),
(1883, 'Miganga', 90),
(1884, 'Matongo', 90),
(1885, 'Kikhonda', 90),
(1886, 'Puge', 91),
(1887, 'Nkiniziwa', 91),
(1888, 'Budushi', 91),
(1889, 'Mwakashanhala', 91),
(1890, 'Tongi', 91),
(1891, 'Mizibaziba', 91),
(1892, 'Milambo Itobo', 91),
(1893, 'Magengati', 91),
(1894, 'Ndala', 91),
(1895, 'Nzega Mjini', 91),
(1896, 'Wela', 91),
(1897, 'Mbogwe', 91),
(1898, 'Miguwa', 91),
(1899, 'Itilo', 91),
(1900, 'Muhugi', 91),
(1901, 'Utwigu', 91),
(1902, 'Ijanija', 91),
(1903, 'Nzegandogo', 91),
(1904, 'Lusu', 91),
(1905, 'Nata', 91),
(1906, 'Isanzu', 91),
(1907, 'Itobo', 91),
(1908, 'Mwangoye', 91),
(1909, 'Sigili', 91),
(1910, 'Mwamala', 91),
(1911, 'Igusule', 91),
(1912, 'Shigamba', 91),
(1913, 'Kasela', 91),
(1914, 'Karitu', 91),
(1915, 'Bukene', 91),
(1916, 'Mogwa', 91),
(1917, 'Mambali', 91),
(1918, 'Kahamanhalanga', 91),
(1919, 'Uduka', 91),
(1920, 'Semembela', 91),
(1921, 'Isagenhe', 91),
(1922, 'Ikindwa', 91),
(1923, 'Igunga', 92),
(1924, 'Itumba', 92),
(1925, 'Bukoko', 92),
(1926, 'Isakamaliwa', 92),
(1927, 'Nyandekwa', 92),
(1928, 'Nanga', 92),
(1929, 'Nguvumoja', 92),
(1930, 'Mbutu', 92),
(1931, 'Kining\'inila', 92),
(1932, 'Igurubi', 92),
(1933, 'Mwamashimba', 92),
(1934, 'Kinungu', 92),
(1935, 'Ntobo', 92),
(1936, 'Itunduru', 92),
(1937, 'Mwamashiga', 92),
(1938, 'Choma', 92),
(1939, 'Mwashiku', 92),
(1940, 'Ziba', 92),
(1941, 'Ndembezi', 92),
(1942, 'Nkinga', 92),
(1943, 'Ngulu', 92),
(1944, 'Simbo', 92),
(1945, 'Igowero', 92),
(1946, 'Mwisi', 92),
(1947, 'Chabutwa', 92),
(1948, 'Sungwizi', 92),
(1949, 'Lutende', 93),
(1950, 'Kizengi', 93),
(1951, 'Goweko', 93),
(1952, 'Igalula', 93),
(1953, 'Ilolanguru', 93),
(1954, 'Mabama', 93),
(1955, 'Ndono', 93),
(1956, 'Ufuluma', 93),
(1957, 'Usagari', 93),
(1958, 'Ibiri', 93),
(1959, 'Bukumbi', 93),
(1960, 'Ikongolo', 93),
(1961, 'Upuge', 93),
(1962, 'Magiri', 93),
(1963, 'Isikizya', 93),
(1964, 'Shitage', 93),
(1965, 'Loya', 93),
(1966, 'Miswaki', 93),
(1967, 'Tura', 93),
(1968, 'Nsololo', 93),
(1969, 'Kigwa', 93),
(1970, 'Miyenze', 93),
(1971, 'Nsimbo', 93),
(1972, 'Ibelamilundi', 93),
(1973, 'Kapilula', 94),
(1974, 'Urambo', 94),
(1975, 'Vumilia', 94),
(1976, 'Muungano', 94),
(1977, 'Songambele', 94),
(1978, 'Uyogo', 94),
(1979, 'Kiloleni', 94),
(1980, 'Ussoke', 94),
(1981, 'Uyumbu', 94),
(1982, 'Ugalla', 94),
(1983, 'Usisya', 94),
(1984, 'Utundu', 94),
(1985, 'Kasisi', 94),
(1986, 'Imalamakoye', 94),
(1987, 'Nsenda', 94),
(1988, 'Ukondamoyo', 94),
(1989, 'Tutuo', 95),
(1990, 'Chabutwa', 95),
(1991, 'Kaloleli', 95),
(1992, 'Kipanga', 95),
(1993, 'Sikonge', 95),
(1994, 'Kitunda', 95),
(1995, 'Kiloli', 95),
(1996, 'Kipili', 95),
(1997, 'Pangale', 95),
(1998, 'Ipole', 95),
(1999, 'Ngoywa', 95),
(2000, 'Kisanga', 95),
(2001, 'Misheni', 95),
(2002, 'Mole', 95),
(2003, 'Mpombwe', 95),
(2004, 'Usunga', 95),
(2005, 'Kanyenye', 96),
(2006, 'Gongoni', 96),
(2007, 'Mbugani', 96),
(2008, 'Chemchem', 96),
(2009, 'Tambukareli', 96),
(2010, 'Kiloleni', 96),
(2011, 'Mtendeni', 96),
(2012, 'Isevya', 96),
(2013, 'Ipuli', 96),
(2014, 'Cheyo', 96),
(2015, 'Kitete', 96),
(2016, 'Ng`ambo', 96),
(2017, 'Malolo', 96),
(2018, 'Kakola', 96),
(2019, 'Uyui', 96),
(2020, 'Itonjanda', 96),
(2021, 'Ndevelwa', 96),
(2022, 'Itetemia', 96),
(2023, 'Tumbi', 96),
(2024, 'Kalunde', 96),
(2025, 'Misha', 96),
(2026, 'Kabila', 96),
(2027, 'Ikomwa', 96),
(2028, 'Ifucha', 96),
(2029, 'Ntalikwa', 96),
(2030, 'Ukumbi Siganga', 97),
(2031, 'Zugimlole', 97),
(2032, 'Ushokola', 97),
(2033, 'Ugunga', 97),
(2034, 'Kaliua', 97),
(2035, 'Usinge', 97),
(2036, 'Igagala', 97),
(2037, 'Kamsekwa', 97),
(2038, 'Kazaroho', 97),
(2039, 'Igwisi', 97),
(2040, 'Uyowa', 97),
(2041, 'Silambo', 97),
(2042, 'Kashishi', 97),
(2043, 'Sasu', 97),
(2044, 'Seleli', 97),
(2045, 'Ichemba', 97),
(2046, 'Mwongozo', 97),
(2047, 'Kanoge', 97),
(2048, 'Kanindo', 97),
(2049, 'Milambo', 97),
(2050, 'Igombe Mkulu', 97),
(2051, 'Kasanga', 98),
(2052, 'Mkowe', 98),
(2053, 'Msanzi', 98),
(2054, 'Matai', 98),
(2055, 'Sopa', 98),
(2056, 'Mwazye', 98),
(2057, 'Katazi', 98),
(2058, 'Mwimbi', 98),
(2059, 'Mabwekenya', 98),
(2060, 'Mwembenkoswe', 98),
(2061, 'Legeza Mwendo', 98),
(2062, 'Ulumi', 98),
(2063, 'Mnamba', 98),
(2064, 'Katete', 98),
(2065, 'Kisumba', 98),
(2066, 'Mkali', 98),
(2067, 'Kilesha', 98),
(2068, 'Mfinga', 99),
(2069, 'Laela', 99),
(2070, 'Muze', 99),
(2071, 'Mtowisa', 99),
(2072, 'Milepa', 99),
(2073, 'Sandulula', 99),
(2074, 'Kaengesa', 99),
(2075, 'Mpui', 99),
(2076, 'Msanda Muungano', 99),
(2077, 'Ilemba', 99),
(2078, 'Kipeta', 99),
(2079, 'Kaoze', 99),
(2080, 'Miangalua', 99),
(2081, 'Kalambanzite', 99),
(2082, 'Lusaka', 99),
(2083, 'Korongwe', 100),
(2084, 'Mtenga', 100),
(2085, 'Mkwamba', 100),
(2086, 'Chala', 100),
(2087, 'Kipande', 100),
(2088, 'Isale', 100),
(2089, 'Kate', 100),
(2090, 'Sintali', 100),
(2091, 'Kala', 100),
(2092, 'Wampembe', 100),
(2093, 'Ninde', 100),
(2094, 'Kirando', 100),
(2095, 'Kabwe', 100),
(2096, 'Kipili', 100),
(2097, 'Nkandasi', 100),
(2098, 'Namanyere', 100),
(2099, 'Nkomolo', 100),
(2100, 'Malangali', 101),
(2101, 'Mazwi', 101),
(2102, 'Izia', 101),
(2103, 'Katandala', 101),
(2104, 'Old Sumbawanga', 101),
(2105, 'Kizwite', 101),
(2106, 'Ntendo', 101),
(2107, 'Senga', 101),
(2108, 'Mollo', 101),
(2109, 'Pito', 101),
(2110, 'Milanzi', 101),
(2111, 'Matanga', 101),
(2112, 'Kasense', 101),
(2113, 'Majengo', 101),
(2114, 'Chanji', 101),
(2115, 'Misezero', 102),
(2116, 'Bitare', 102),
(2117, 'Kibondo', 102),
(2118, 'Murungu', 102),
(2119, 'Busagara', 102),
(2120, 'Rugongwe', 102),
(2121, 'Busunzu', 102),
(2122, 'Kumsenga', 102),
(2123, 'Kizazi', 102),
(2124, 'Mabamba', 102),
(2125, 'Bunyambo', 102),
(2126, 'Itaba', 102),
(2127, 'Kitahana', 102),
(2128, 'Kitanga', 103),
(2129, 'Heru Shingo', 103),
(2130, 'Nyamidaho', 103),
(2131, 'Kitagata', 103),
(2132, 'Nyachenda', 103),
(2133, 'Buhoro', 103),
(2134, 'Nyamnyusi', 103),
(2135, 'Nyakitonto', 103),
(2136, 'Kagerankanda', 103),
(2137, 'Kurugongo', 103),
(2138, 'Rungwe Mpya', 103),
(2139, 'Asante Nyerere', 103),
(2140, 'Titye', 103),
(2141, 'Shunguliba', 103),
(2142, 'Muzye', 103),
(2143, 'Bugaga', 103),
(2144, 'Kigembe', 103),
(2145, 'Rusesa', 103),
(2146, 'Kwaga', 103),
(2147, 'Kagunga', 104),
(2148, 'Mkigo', 104),
(2149, 'Mwamgongo', 104),
(2150, 'Kalinzi', 104),
(2151, 'Bitale', 104),
(2152, 'Mkongoro', 104),
(2153, 'Mahembe', 104),
(2154, 'Matendo', 104),
(2155, 'Mungonya', 104),
(2156, 'Kagongo', 104),
(2157, 'Mwandiga', 104),
(2158, 'Gungu', 105),
(2159, 'Kibirizi', 105),
(2160, 'Buhanda', 105),
(2161, 'Businde', 105),
(2162, 'Machinjioni', 105),
(2163, 'Kagera', 105),
(2164, 'Kasimbu', 105),
(2165, 'Rubuga', 105),
(2166, 'Kasingirima', 105),
(2167, 'Majengo', 105),
(2168, 'Kitongoni', 105),
(2169, 'Kipampa', 105),
(2170, 'Rusimbi', 105),
(2171, 'Buzebazeba', 105),
(2172, 'Mwanga Kusini', 105),
(2173, 'Kigoma', 105),
(2174, 'Bangwe', 105),
(2175, 'Mwanga Kaskazini', 105),
(2176, 'Katubuka', 105),
(2177, 'Kalya', 106),
(2178, 'Buhingu', 106),
(2179, 'Igalula', 106),
(2180, 'Sigunga', 106),
(2181, 'Sunuka', 106),
(2182, 'Ilagala', 106),
(2183, 'Simbo', 106),
(2184, 'Kandaga', 106),
(2185, 'Kazuramimba', 106),
(2186, 'Uvinza', 106),
(2187, 'Mganza', 106),
(2188, 'Mtego wa Noti', 106),
(2189, 'Nguruka', 106),
(2190, 'Itebula', 106),
(2191, 'Nyamugali', 107),
(2192, 'Biharu', 107),
(2193, 'Muyama', 107),
(2194, 'Kajana', 107),
(2195, 'Mugera', 107),
(2196, 'Kilelema', 107),
(2197, 'Munyegera', 107),
(2198, 'Buhigwe', 107),
(2199, 'Kibande', 107),
(2200, 'Janda', 107),
(2201, 'Munzeze', 107),
(2202, 'Rusaba', 107),
(2203, 'Muhinda', 107),
(2204, 'Munanila', 107),
(2205, 'Mwayaya', 107),
(2206, 'Nyabibuye', 108),
(2207, 'Nyamtukuza', 108),
(2208, 'Muhange', 108),
(2209, 'Kasunga', 108),
(2210, 'Kakonko', 108),
(2211, 'Kiziguzigu', 108),
(2212, 'Rugenge', 108),
(2213, 'Kasanda', 108),
(2214, 'Gwamumpu', 108),
(2215, 'Katanga', 108),
(2216, 'Mugunzu', 108),
(2217, 'Muganza', 109),
(2218, 'Kigondo', 109),
(2219, 'Msambara', 109),
(2220, 'Ruhita', 109),
(2221, 'Nyumbigwa', 109),
(2222, 'Murufiti', 109),
(2223, 'Nyansha', 109),
(2224, 'Kasulu Mjini', 109),
(2225, 'Muhunga', 109),
(2226, 'Mwamalili', 110),
(2227, 'Kolandoto', 110),
(2228, 'Ngokolo', 110),
(2229, 'Ibadakuli', 110),
(2230, 'Shinyanga Mjini', 110),
(2231, 'Chamaguha', 110),
(2232, 'Ibinzamata', 110),
(2233, 'Kitangili', 110),
(2234, 'Kizumbi', 110),
(2235, 'Mwawaza', 110),
(2236, 'Ndala', 110),
(2237, 'Kambarage', 110),
(2238, 'Chibe', 110),
(2239, 'Lubaga', 110),
(2240, 'Ndembezi', 110),
(2241, 'Masekelo', 110),
(2242, 'Old Shinyanga', 110),
(2243, 'Bunambiyu', 111),
(2244, 'Bubiki', 111),
(2245, 'Songwa', 111),
(2246, 'Seke Bugoro', 111),
(2247, 'Mondo', 111),
(2248, 'Mwadui Lohumbo', 111),
(2249, 'Uchunga', 111),
(2250, 'Kishapu', 111),
(2251, 'Mwakipoya', 111),
(2252, 'Shagihilu', 111),
(2253, 'Somagedi', 111),
(2254, 'Mwamalasa', 111),
(2255, 'Masanga', 111),
(2256, 'Lagana', 111),
(2257, 'Mwamashele', 111),
(2258, 'Ngofila', 111),
(2259, 'Kiloleli', 111),
(2260, 'Ukenyenge', 111),
(2261, 'Talaga', 111),
(2262, 'Itilima', 111),
(2263, 'Imesela', 112),
(2264, 'Usule', 112),
(2265, 'Ilola', 112),
(2266, 'Didia', 112),
(2267, 'Itwangi', 112),
(2268, 'Tinde', 112),
(2269, 'Mwakitolyoo', 112),
(2270, 'Salawe', 112),
(2271, 'Solwa', 112),
(2272, 'Iselamagazi', 112),
(2273, 'Lyabukande', 112),
(2274, 'Mwantini', 112),
(2275, 'Pandagichiza', 112),
(2276, 'Mwamala', 112),
(2277, 'Samuye', 112),
(2278, 'Usanda', 112),
(2279, 'Puni', 112),
(2280, 'Nyida', 112),
(2281, 'Nsalala', 112),
(2282, 'Bukene', 112),
(2283, 'Masengwa', 112),
(2284, 'Mwenge', 112),
(2285, 'Lyabusalu', 112),
(2286, 'Mwalukwa', 112),
(2287, 'Nyamalogo', 112),
(2288, 'Lyamidati', 112),
(2289, 'Bulyanhulu', 113),
(2290, 'Bugarama', 113),
(2291, 'Lunguya', 113),
(2292, 'Shilela', 113),
(2293, 'Segese', 113),
(2294, 'Mega', 113),
(2295, 'Chela', 113),
(2296, 'Busangi', 113),
(2297, 'Ntobo', 113),
(2298, 'Ngaya', 113),
(2299, 'Bulige', 113),
(2300, 'Kashishi', 113),
(2301, 'Mwanase', 113),
(2302, 'Mwalugulu', 113),
(2303, 'Jana', 113),
(2304, 'Isaka', 113),
(2305, 'Chona', 113),
(2306, 'Chambo', 113),
(2307, 'Kisuke', 113),
(2308, 'Mapamba', 113),
(2309, 'Bukomela', 113),
(2310, 'Ukune', 113),
(2311, 'Igunda', 113),
(2312, 'Kinamapula', 113),
(2313, 'Igwamanoni', 113),
(2314, 'Mpunze', 113),
(2315, 'Sabasabini', 113),
(2316, 'Idahina', 113),
(2317, 'Bulungwa', 113),
(2318, 'Nyankende', 113),
(2319, 'Ulewe', 113),
(2320, 'Ushetu', 113),
(2321, 'Uyogo', 113),
(2322, 'Ulowa', 113),
(2323, 'Ubagwe', 113),
(2324, 'Ngogwa', 114),
(2325, 'Wendele', 114),
(2326, 'Kinaga', 114),
(2327, 'Isagehe', 114),
(2328, 'Mondo', 114),
(2329, 'Kagongwa', 114),
(2330, 'Nyahanga', 114),
(2331, 'Malunga', 114),
(2332, 'Mhongolo', 114),
(2333, 'Mwendakulima', 114),
(2334, 'Zongomera', 114),
(2335, 'Mhungula', 114),
(2336, 'Nyihogo', 114),
(2337, 'Nyasubi', 114),
(2338, 'Kahama Mjini', 114),
(2339, 'Majengo', 114),
(2340, 'Busoka', 114),
(2341, 'Kilago', 114),
(2342, 'Iyenze', 114),
(2343, 'Nyandekwa', 114),
(2344, 'Igurwa', 115),
(2345, 'Kanoni', 115),
(2346, 'Kihanga', 115),
(2347, 'Kituntu', 115),
(2348, 'Chanika', 115),
(2349, 'Kayanga', 115),
(2350, 'Bugene', 115),
(2351, 'Ndama', 115),
(2352, 'Rugera', 115),
(2353, 'Ihembe', 115),
(2354, 'Nyaishozi', 115),
(2355, 'Rugu', 115),
(2356, 'Nyakasimbi', 115),
(2357, 'Nyakakika', 115),
(2358, 'Nyakabanga', 115),
(2359, 'Bweranyange', 115),
(2360, 'Kibondo', 115),
(2361, 'Nyabiyonza', 115),
(2362, 'Kiruruma', 115),
(2363, 'Nyakahanga', 115),
(2364, 'Ihanda', 115),
(2365, 'Chonyonyo', 115),
(2366, 'Rubafu', 116),
(2367, 'Kishanje', 116),
(2368, 'Kaagya', 116),
(2369, 'Buhendangabo', 116),
(2370, 'Nyakato', 116),
(2371, 'Katoma', 116),
(2372, 'Karabagaine', 116),
(2373, 'Bujugo', 116),
(2374, 'Maruku', 116),
(2375, 'Kanyangereko', 116),
(2376, 'Katerero', 116),
(2377, 'Kemondo', 116);
INSERT INTO `ward` (`Ward_ID`, `Ward_Name`, `District_ID`) VALUES
(2378, 'Nyakibimbili', 116),
(2379, 'Ibwera', 116),
(2380, 'Mikoni', 116),
(2381, 'Butelankuzi', 116),
(2382, 'Rubale', 116),
(2383, 'Rukoma', 116),
(2384, 'Kikomero', 116),
(2385, 'Kibirizi', 116),
(2386, 'Izimbya', 116),
(2387, 'Butulage', 116),
(2388, 'Ruhunga', 116),
(2389, 'Mugajwale', 116),
(2390, 'Kyamulaile', 116),
(2391, 'Katoro', 116),
(2392, 'Kaibanja', 116),
(2393, 'Kasharu', 116),
(2394, 'Kishogo', 116),
(2395, 'Muhutwe', 117),
(2396, 'Mayondwe', 117),
(2397, 'Goziba', 117),
(2398, 'Kerebe', 117),
(2399, 'Bumbire', 117),
(2400, 'Ikuza', 117),
(2401, 'Izigo', 117),
(2402, 'Katoke', 117),
(2403, 'Kagoma', 117),
(2404, 'Kikuku', 117),
(2405, 'Bureza', 117),
(2406, 'Muleba', 117),
(2407, 'Ikondo', 117),
(2408, 'Buhangaza', 117),
(2409, 'Mazinga', 117),
(2410, 'Magata (Karutanga)', 117),
(2411, 'Gwanseli', 117),
(2412, 'Kibanga', 117),
(2413, 'Kasharunga', 117),
(2414, 'Rulanda', 117),
(2415, 'Kimwani', 117),
(2416, 'Nyakabango', 117),
(2417, 'Kyebitembe', 117),
(2418, 'Karambi', 117),
(2419, 'Mubunda', 117),
(2420, 'Bisheke', 117),
(2421, 'Burungura', 117),
(2422, 'Biirabo', 117),
(2423, 'Mushabago', 117),
(2424, 'Nyakatanga', 117),
(2425, 'Ngenge', 117),
(2426, 'Rutoro', 117),
(2427, 'Kabirizi', 117),
(2428, 'Nshamba', 117),
(2429, 'Kashasha', 117),
(2430, 'Ijumbi', 117),
(2431, 'Kishanda', 117),
(2432, 'Buganguzi', 117),
(2433, 'Ibuga', 117),
(2434, 'Bulyakashaju', 117),
(2435, 'Kamachumu', 117),
(2436, 'Ruhanga', 117),
(2437, 'Mafumbo', 117),
(2438, 'Nyakahura', 118),
(2439, 'Ruziba', 118),
(2440, 'Biharamulo Mjini', 118),
(2441, 'Bisibo', 118),
(2442, 'Nyarubungo', 118),
(2443, 'Nyamahanga', 118),
(2444, 'Runazi', 118),
(2445, 'Kabindi', 118),
(2446, 'Nyamigogo', 118),
(2447, 'Nyabusozi', 118),
(2448, 'Nemba', 118),
(2449, 'Lusahunga', 118),
(2450, 'Kaniha', 118),
(2451, 'Nyantakara', 118),
(2452, 'Kalenge', 118),
(2453, 'Rusumo', 119),
(2454, 'Nyakisasa', 119),
(2455, 'Rulenge', 119),
(2456, 'Keza', 119),
(2457, 'Murusagamba', 119),
(2458, 'Muganza', 119),
(2459, 'Bugarama', 119),
(2460, 'Bukiriro', 119),
(2461, 'Kabanga', 119),
(2462, 'Mabawe', 119),
(2463, 'Kanazi', 119),
(2464, 'Mugoma', 119),
(2465, 'Kirushya', 119),
(2466, 'Ntobeye', 119),
(2467, 'Nyamiyaga', 119),
(2468, 'Ngara Mjini', 119),
(2469, 'Kibimba', 119),
(2470, 'Mbuba', 119),
(2471, 'Murukulazo', 119),
(2472, 'Kasulo', 119),
(2473, 'Hamugembe', 120),
(2474, 'Nshambya', 120),
(2475, 'Buhemba', 120),
(2476, 'Kahororo', 120),
(2477, 'Kashai', 120),
(2478, 'Miembeni', 120),
(2479, 'Bilele', 120),
(2480, 'Bakoba', 120),
(2481, 'Ijuganyondo', 120),
(2482, 'Kitendaguro', 120),
(2483, 'Kibeta', 120),
(2484, 'Kagondo', 120),
(2485, 'Nyanga', 120),
(2486, 'Rwamishenye', 120),
(2487, 'Kakunyu', 121),
(2488, 'Nsunga', 121),
(2489, 'Mutukula', 121),
(2490, 'Kassambya', 121),
(2491, 'Minziro', 121),
(2492, 'Ruzinga', 121),
(2493, 'Kashenye', 121),
(2494, 'Kanyigo', 121),
(2495, 'Ishunju', 121),
(2496, 'Buyango', 121),
(2497, 'Bwanjai', 121),
(2498, 'Ishozi', 121),
(2499, 'Gera', 121),
(2500, 'Bugandika', 121),
(2501, 'Kitobo', 121),
(2502, 'Bugorora', 121),
(2503, 'Kyaka', 121),
(2504, 'Mushasha', 121),
(2505, 'Kilimilil', 121),
(2506, 'Mabale', 121),
(2507, 'Isingiro', 122),
(2508, 'Kaisho', 122),
(2509, 'Rutunguru', 122),
(2510, 'Kibingo', 122),
(2511, 'Murongo', 122),
(2512, 'Bugomora', 122),
(2513, 'Kibale', 122),
(2514, 'Mabira', 122),
(2515, 'Businde', 122),
(2516, 'Kamuli', 122),
(2517, 'Nyakatuntu', 122),
(2518, 'Kimuli', 122),
(2519, 'Kikukuru', 122),
(2520, 'Rwabwere', 122),
(2521, 'Nkwenda', 122),
(2522, 'Rukuraijo', 122),
(2523, 'Songambele', 122),
(2524, 'Kyerwa', 122),
(2525, 'Nansio', 123),
(2526, 'Kagera', 123),
(2527, 'Nakatunguru', 123),
(2528, 'Kakerege', 123),
(2529, 'Bukongo', 123),
(2530, 'Nkilizya', 123),
(2531, 'Bukanda', 123),
(2532, 'Mukituntu', 123),
(2533, 'Igala', 123),
(2534, 'Bwiro', 123),
(2535, 'Muriti', 123),
(2536, 'Ilangala', 123),
(2537, 'Namilembe', 123),
(2538, 'Nduruma', 123),
(2539, 'Murutunguru', 123),
(2540, 'Kagunguli', 123),
(2541, 'Bukindo', 123),
(2542, 'Namagondo', 123),
(2543, 'Ngoma', 123),
(2544, 'Bwisya', 123),
(2545, 'Bukungu', 123),
(2546, 'Nyamanga', 123),
(2547, 'Bukiro', 123),
(2548, 'Irugwa', 123),
(2549, 'Kisesa', 124),
(2550, 'Bujashi', 124),
(2551, 'Lutale', 124),
(2552, 'Kongolo', 124),
(2553, 'Nyanguge', 124),
(2554, 'Kitongo Sim', 124),
(2555, 'Mwamanga', 124),
(2556, 'Kahangara', 124),
(2557, 'Nyigogo', 124),
(2558, 'Mwamabanza', 124),
(2559, 'Sukuma', 124),
(2560, 'Lubugu', 124),
(2561, 'Ng\'haya', 124),
(2562, 'Nkungulu', 124),
(2563, 'Jinjimili', 124),
(2564, 'Shishani', 124),
(2565, 'Magu Mjini', 124),
(2566, 'Bukandwe', 124),
(2567, 'Mkuyuni', 125),
(2568, 'Igogo', 125),
(2569, 'Pamba', 125),
(2570, 'Nyamagana', 125),
(2571, 'Mirongo', 125),
(2572, 'Isamilo', 125),
(2573, 'Mbugani', 125),
(2574, 'Mahina', 125),
(2575, 'Igoma', 125),
(2576, 'Buhongwa', 125),
(2577, 'Mkolani', 125),
(2578, 'Butimba', 125),
(2579, 'Walla', 126),
(2580, 'Bungulwa', 126),
(2581, 'Sumve', 126),
(2582, 'Mantare', 126),
(2583, 'Ngulla', 126),
(2584, 'Mwabomba', 126),
(2585, 'Mwagi', 126),
(2586, 'Iseni', 126),
(2587, 'Nyambiti', 126),
(2588, 'Maligisu', 126),
(2589, 'Mwandu', 126),
(2590, 'Malya', 126),
(2591, 'Lyoma', 126),
(2592, 'Mwang\'halanga', 126),
(2593, 'Nyamilama', 126),
(2594, 'Mwakilambiti', 126),
(2595, 'Hungumalwa', 126),
(2596, 'Mwamala', 126),
(2597, 'Kikubiji', 126),
(2598, 'Mhande', 126),
(2599, 'Bupamwa', 126),
(2600, 'Fukalo', 126),
(2601, 'Ng\'hundi', 126),
(2602, 'Igongwa', 126),
(2603, 'Ngudu', 126),
(2604, 'Bugando', 126),
(2605, 'Nkalalo', 126),
(2606, 'Mwankulwe', 126),
(2607, 'Ilula', 126),
(2608, 'Shilembo', 126),
(2609, 'Ibisabageni', 127),
(2610, 'Nyamazugo', 127),
(2611, 'Chifumfu', 127),
(2612, 'Katunguru', 127),
(2613, 'Kasungamile', 127),
(2614, 'Nyamatongo', 127),
(2615, 'Tabaruka', 127),
(2616, 'Busisi', 127),
(2617, 'Buyagu', 127),
(2618, 'Igalula', 127),
(2619, 'Kagunga', 127),
(2620, 'Sima', 127),
(2621, 'Nyakasunga', 127),
(2622, 'Kalebezo', 127),
(2623, 'Nyehunge', 127),
(2624, 'Kafunzo', 127),
(2625, 'Bupandwa', 127),
(2626, 'Katwe', 127),
(2627, 'Maisome', 127),
(2628, 'Kazunzu', 127),
(2629, 'Lugata', 127),
(2630, 'Nyakaliro', 127),
(2631, 'Nyakasasa', 127),
(2632, 'Buzilasoga', 127),
(2633, 'Nyanzenda', 127),
(2634, 'Bulyaheke', 127),
(2635, 'Irenza', 127),
(2636, 'Kasenyi', 127),
(2637, 'Mwambului', 127),
(2638, 'Nyatukala', 127),
(2639, 'Nyampulukano', 127),
(2640, 'Nyampande', 127),
(2641, 'Kishinda', 127),
(2642, 'Igulumuki', 127),
(2643, 'Buswelu', 128),
(2644, 'Nyakato', 128),
(2645, 'Nyamanoro', 128),
(2646, 'Kirumba', 128),
(2647, 'Kitangiri', 128),
(2648, 'Pasiansi', 128),
(2649, 'Ilemela', 128),
(2650, 'Bugogwa', 128),
(2651, 'Sangabuye', 128),
(2652, 'Bulemeji', 129),
(2653, 'Idetemya', 129),
(2654, 'Usagara', 129),
(2655, 'Ukiriguru', 129),
(2656, 'Kanyelele', 129),
(2657, 'Koromije', 129),
(2658, 'Igokelo', 129),
(2659, 'Mwaniko', 129),
(2660, 'Misungwi', 129),
(2661, 'Masasi', 129),
(2662, 'Kijima', 129),
(2663, 'Shilalo', 129),
(2664, 'Buhingo', 129),
(2665, 'Busongo', 129),
(2666, 'Nhundulu', 129),
(2667, 'Lubili', 129),
(2668, 'Ilujamate', 129),
(2669, 'Mbarika', 129),
(2670, 'Sumbugu', 129),
(2671, 'Kasololo', 129),
(2672, 'Ilalambogo', 129),
(2673, 'Isesa', 129),
(2674, 'Gulumungu', 129),
(2675, 'Mabuki', 129),
(2676, 'Mondo', 129),
(2677, 'Mamaye', 129),
(2678, 'Fella', 129),
(2679, 'Susuni', 130),
(2680, 'Mwema', 130),
(2681, 'Sirari', 130),
(2682, 'Pemba', 130),
(2683, 'Nyakonga', 130),
(2684, 'Nyarero', 130),
(2685, 'Nyamwaga', 130),
(2686, 'Muriba', 130),
(2687, 'Nyanungu', 130),
(2688, 'Gorong\'a', 130),
(2689, 'Nyarokoba', 130),
(2690, 'Kemambo', 130),
(2691, 'Kibasuka', 130),
(2692, 'Binagi', 130),
(2693, 'Turwa', 130),
(2694, 'Bomani', 130),
(2695, 'Nyandoto', 130),
(2696, 'Matongo', 130),
(2697, 'Manga', 130),
(2698, 'Bumera', 130),
(2699, 'Komaswa', 130),
(2700, 'Kiore', 130),
(2701, 'Sabasaba', 130),
(2702, 'Nyamisangura', 130),
(2703, 'Kentare', 130),
(2704, 'Nyamaranga', 130),
(2705, 'Mbogi', 130),
(2706, 'Genyange', 130),
(2707, 'Nyansicha', 130),
(2708, 'Itiryo', 130),
(2709, 'Kenyamonta', 131),
(2710, 'Busawe', 131),
(2711, 'Kisaka', 131),
(2712, 'Kebanchabancha', 131),
(2713, 'Ring\'wani', 131),
(2714, 'Rung\'abure', 131),
(2715, 'Machochwe', 131),
(2716, 'Kisangura', 131),
(2717, 'Mugumu', 131),
(2718, 'Ikoma', 131),
(2719, 'Natta', 131),
(2720, 'Issenye', 131),
(2721, 'Rigicha', 131),
(2722, 'Nyambureti', 131),
(2723, 'Nyamoko', 131),
(2724, 'Manchira', 131),
(2725, 'Kyambahi', 131),
(2726, 'Nyamatare', 131),
(2727, 'Majimoto', 131),
(2728, 'Magange', 131),
(2729, 'Nyansurura', 131),
(2730, 'Mosongo', 131),
(2731, 'Sedeco', 131),
(2732, 'Mbalibali', 131),
(2733, 'Stendi Kuu', 131),
(2734, 'Geitasamo', 131),
(2735, 'Morotonga', 131),
(2736, 'Uwanja wa Ndege', 131),
(2737, 'Bukumi', 132),
(2738, 'Makojo', 132),
(2739, 'Bwasi', 132),
(2740, 'Bulinga', 132),
(2741, 'Bukima', 132),
(2742, 'Murangi', 132),
(2743, 'Bugwema', 132),
(2744, 'Nyamrandirira', 132),
(2745, 'Nyambono', 132),
(2746, 'Suguti', 132),
(2747, 'Tegeruka', 132),
(2748, 'Kiriba', 132),
(2749, 'Busambara', 132),
(2750, 'Mugango', 132),
(2751, 'Nyamuswa', 133),
(2752, 'Salama', 133),
(2753, 'Mihingo', 133),
(2754, 'Mugeta', 133),
(2755, 'Hunyari', 133),
(2756, 'Mcharo', 133),
(2757, 'Sazira', 133),
(2758, 'Kunzugu', 133),
(2759, 'Bunda Mjini', 133),
(2760, 'Guta', 133),
(2761, 'Butimba', 133),
(2762, 'Neruma', 133),
(2763, 'Kibara', 133),
(2764, 'Nansimo', 133),
(2765, 'Kisorya', 133),
(2766, 'Igundu', 133),
(2767, 'Iramba', 133),
(2768, 'Namhula', 133),
(2769, 'Wariku', 133),
(2770, 'Kabasa', 133),
(2771, 'Nampindi', 133),
(2772, 'Chitengule', 133),
(2773, 'Kasuguti', 133),
(2774, 'Balili', 133),
(2775, 'Bunda Stoo', 133),
(2776, 'Nyasura', 133),
(2777, 'Nyamang\'uta', 133),
(2778, 'Ketare', 133),
(2779, 'Kigunga', 134),
(2780, 'Kirogo', 134),
(2781, 'Nyamtinga', 134),
(2782, 'Nyamagaro', 134),
(2783, 'Nyahongo', 134),
(2784, 'Mkoma', 134),
(2785, 'Tai', 134),
(2786, 'Bukura', 134),
(2787, 'Roche', 134),
(2788, 'Kitembe', 134),
(2789, 'Mirare', 134),
(2790, 'Goribe', 134),
(2791, 'Ikoma', 134),
(2792, 'Koryo', 134),
(2793, 'Bukwe', 134),
(2794, 'Nyathorogo', 134),
(2795, 'Rabour', 134),
(2796, 'Kisumwa', 134),
(2797, 'Komuge', 134),
(2798, 'Nyamunga', 134),
(2799, 'Kyang\'ombe', 134),
(2800, 'Bwiregi', 135),
(2801, 'Buswahili', 135),
(2802, 'Nyamimange', 135),
(2803, 'Sirorisimba', 135),
(2804, 'Buhemba', 135),
(2805, 'Mirwa', 135),
(2806, 'Muriaza', 135),
(2807, 'Butiama', 135),
(2808, 'Masaba', 135),
(2809, 'Kyanyari', 135),
(2810, 'Kukirango', 135),
(2811, 'Buruma', 135),
(2812, 'Nyakatende', 135),
(2813, 'Etaro', 135),
(2814, 'Nyegina', 135),
(2815, 'Nyankanga', 135),
(2816, 'Bisumwa', 135),
(2817, 'Bukabwa', 135),
(2818, 'Butuguri', 135),
(2819, 'Busegwe', 135),
(2820, 'Magara', 136),
(2821, 'Nkaiti', 136),
(2822, 'Mwada', 136),
(2823, 'Mamire', 136),
(2824, 'Galapo', 136),
(2825, 'Qashi', 136),
(2826, 'Ayasanda', 136),
(2827, 'Gidas', 136),
(2828, 'Duru', 136),
(2829, 'Riroda', 136),
(2830, 'Arri', 136),
(2831, 'Dareda', 136),
(2832, 'Dabil', 136),
(2833, 'Ufana', 136),
(2834, 'Bashneti', 136),
(2835, 'Madunga', 136),
(2836, 'Kiru', 136),
(2837, 'Magugu', 136),
(2838, 'Balagidalalu', 137),
(2839, 'Gehandu', 137),
(2840, 'Laghanga', 137),
(2841, 'Getanuwas', 137),
(2842, 'Hirbadaw', 137),
(2843, 'Bassodesh', 137),
(2844, 'Bassotu', 137),
(2845, 'Gendabi', 137),
(2846, 'Mogitu', 137),
(2847, 'Giting', 137),
(2848, 'Masakta', 137),
(2849, 'Masqaroda', 137),
(2850, 'Endasak', 137),
(2851, 'Gidahababieg', 137),
(2852, 'Maskron', 137),
(2853, 'Hidet', 137),
(2854, 'Simbay', 137),
(2855, 'Sirop', 137),
(2856, 'Gisambalang', 137),
(2857, 'Nangwa', 137),
(2858, 'Katesh', 137),
(2859, 'Ganana', 137),
(2860, 'Dirma', 137),
(2861, 'Lalaji', 137),
(2862, 'Endasiwold', 137),
(2863, 'Daudi', 138),
(2864, 'Bargish', 138),
(2865, 'Gehandu', 138),
(2866, 'Kainam', 138),
(2867, 'Murray', 138),
(2868, 'Ayamaami', 138),
(2869, 'Uhuru', 138),
(2870, 'Tlawi', 138),
(2871, 'Bashay', 138),
(2872, 'Dongobesh', 138),
(2873, 'Tumati', 138),
(2874, 'Maretadu', 138),
(2875, 'Maghang', 138),
(2876, 'Haydom', 138),
(2877, 'Yaeda Chini', 138),
(2878, 'Masieda', 138),
(2879, 'Marang', 138),
(2880, 'Gunyoda', 138),
(2881, 'Nahasey', 138),
(2882, 'Endamilay', 138),
(2883, 'Yaeda Ampa', 138),
(2884, 'Masqaroda', 138),
(2885, 'Nambisi', 138),
(2886, 'Dinamu', 138),
(2887, 'Ayamohe', 138),
(2888, 'Sanu Baray', 138),
(2889, 'Imboru', 138),
(2890, 'Endagikot', 138),
(2891, 'Geterer', 138),
(2892, 'Hayderer', 138),
(2893, 'Eshkesh', 138),
(2894, 'Gidihim', 138),
(2895, 'Orkesmet', 139),
(2896, 'Loiborsiret', 139),
(2897, 'Emboreet', 139),
(2898, 'Terrat', 139),
(2899, 'Oljoro  No. 5', 139),
(2900, 'Shambarai', 139),
(2901, 'Mererani', 139),
(2902, 'Msitu wa Tembo', 139),
(2903, 'Ngorika', 139),
(2904, 'Liborsoit', 139),
(2905, 'Ruvu Remiti', 139),
(2906, 'Komolo', 139),
(2907, 'Naisinyai', 139),
(2908, 'Endiantu', 139),
(2909, 'Kibaya', 140),
(2910, 'Partimbo', 140),
(2911, 'Makame', 140),
(2912, 'Ndedo', 140),
(2913, 'Kijungu', 140),
(2914, 'Lengatei', 140),
(2915, 'Sunya', 140),
(2916, 'Dongo', 140),
(2917, 'Songambele', 140),
(2918, 'Dosidosi', 140),
(2919, 'Engusero', 140),
(2920, 'Matui', 140),
(2921, 'Bwagamoyo', 140),
(2922, 'Loolera', 140),
(2923, 'Magungu', 140),
(2924, 'Namelock', 140),
(2925, 'Babati', 141),
(2926, 'Mutuka', 141),
(2927, 'Nangara', 141),
(2928, 'Singe', 141),
(2929, 'Bonga', 141),
(2930, 'Bagara', 141),
(2931, 'Sigino', 141),
(2932, 'Maisaka', 141),
(2933, 'Njombe Mjini', 142),
(2934, 'Mjimwema', 142),
(2935, 'Ramadhani', 142),
(2936, 'Yakobi', 142),
(2937, 'Kifanya', 142),
(2938, 'Ihanga', 142),
(2939, 'Iwungilo', 142),
(2940, 'Luponde', 142),
(2941, 'Matola', 142),
(2942, 'Makowo', 142),
(2943, 'Lugenge', 142),
(2944, 'Uwemba', 142),
(2945, 'Utalingolo', 142),
(2946, 'Saja', 143),
(2947, 'Kijombe', 143),
(2948, 'Wanging\'ombe', 143),
(2949, 'Ilembula', 143),
(2950, 'Uhambule', 143),
(2951, 'Usuka', 143),
(2952, 'Igwachanya', 143),
(2953, 'Mdandu', 143),
(2954, 'Igima', 143),
(2955, 'Imalinyi', 143),
(2956, 'Ulembwe', 143),
(2957, 'Makoga', 143),
(2958, 'Kipengere', 143),
(2959, 'Igosi', 143),
(2960, 'Wangama', 143),
(2961, 'Kidugala', 143),
(2962, 'Luduga', 143),
(2963, 'Lupalilo', 144),
(2964, 'Mang\'oto', 144),
(2965, 'Iwawa', 144),
(2966, 'Lupila', 144),
(2967, 'Ukwama', 144),
(2968, 'Bulongwa', 144),
(2969, 'Kipagalo', 144),
(2970, 'Iniho', 144),
(2971, 'Ipelele', 144),
(2972, 'Kigulu', 144),
(2973, 'Matamba', 144),
(2974, 'Mlondwe', 144),
(2975, 'Kitulo', 144),
(2976, 'Ikuwo', 144),
(2977, 'Mfumbi', 144),
(2978, 'Ipepo', 144),
(2979, 'Mbalatse', 144),
(2980, 'Tandala', 144),
(2981, 'Luwumbu', 144),
(2982, 'Isapulano', 144),
(2983, 'Kigala', 144),
(2984, 'Itundu', 144),
(2985, 'Mtwango', 145),
(2986, 'Igongolo', 145),
(2987, 'Kichiwa', 145),
(2988, 'Ninga', 145),
(2989, 'Ikuna', 145),
(2990, 'Kidegembye', 145),
(2991, 'Matembwe', 145),
(2992, 'Lupembe', 145),
(2993, 'Ikondo', 145),
(2994, 'Mfriga', 145),
(2995, 'Idamba', 145),
(2996, 'Lumbila', 146),
(2997, 'Kilondo', 146),
(2998, 'Mawengi', 146),
(2999, 'Lupanga', 146),
(3000, 'Mlangali', 146),
(3001, 'Milo', 146),
(3002, 'Lugarawa', 146),
(3003, 'Madope', 146),
(3004, 'Madilu', 146),
(3005, 'Mundindi', 146),
(3006, 'Mavanga', 146),
(3007, 'Ibumi', 146),
(3008, 'Nkomang\'ombe', 146),
(3009, 'Luilo', 146),
(3010, 'Masasi', 146),
(3011, 'Manda', 146),
(3012, 'Iwela', 146),
(3013, 'Lupingu', 146),
(3014, 'Ludewa', 146),
(3015, 'Ludende', 146),
(3016, 'Luana', 146),
(3017, 'Makonde', 146),
(3018, 'Mkongobaki', 146),
(3019, 'Lifuma', 146),
(3020, 'Ruhuhu', 146),
(3021, 'Ubena', 147),
(3022, 'Mjimwema', 147),
(3023, 'Mlowa', 147),
(3024, 'Lyamkena', 147),
(3025, 'Mwembetogwa', 147),
(3026, 'Mahongole', 147),
(3027, 'Kitandililo', 147),
(3028, 'Utengule', 147),
(3029, 'Kakese', 148),
(3030, 'Misunkumilo', 148),
(3031, 'Shanwe', 148),
(3032, 'Makanyagio', 148),
(3033, 'Kashaulili', 148),
(3034, 'Mpanda Hotel', 148),
(3035, 'Kawajense', 148),
(3036, 'Nsemulwa', 148),
(3037, 'Ilembo', 148),
(3038, 'Mishamo', 149),
(3039, 'Mpanda Ndogo', 149),
(3040, 'Mwese', 149),
(3041, 'Katuma', 149),
(3042, 'Kabungu', 149),
(3043, 'Sibwesa', 149),
(3044, 'Ikola', 149),
(3045, 'Karema', 149),
(3046, 'Kapalamsenga', 149),
(3047, 'Kasokola', 150),
(3048, 'Ugala', 150),
(3049, 'Litapunga', 150),
(3050, 'Mtapenda', 150),
(3051, 'Inyonga', 150),
(3052, 'Ilunde', 150),
(3053, 'Ilela', 150),
(3054, 'Utende', 150),
(3055, 'Mamba', 150),
(3056, 'Mbede', 150),
(3057, 'Urwira', 150),
(3058, 'Nsimbo', 150),
(3059, 'Magamba', 150),
(3060, 'Sitalike', 150),
(3061, 'Usevya', 150),
(3062, 'Kibaoni', 150),
(3063, 'Machimboni', 150),
(3064, 'Kapalala', 150),
(3065, 'Itenka', 150),
(3066, 'Ikuba', 150),
(3067, 'Mwamapuli', 150),
(3068, 'Majimoto', 150),
(3069, 'Kasansa', 150),
(3070, 'Nsenkwa', 150),
(3071, 'Nkindwabiye', 151),
(3072, 'Mwaubinge', 151),
(3073, 'Nkololo', 151),
(3074, 'Mwaumatondo', 151),
(3075, 'Madobana', 151),
(3076, 'Nyangokolwa', 151),
(3077, 'Somanda', 151),
(3078, 'Bunamhala', 151),
(3079, 'Sakwe', 151),
(3080, 'Ngulyati', 151),
(3081, 'Mhango', 151),
(3082, 'Kilalo', 151),
(3083, 'Kasoli', 151),
(3084, 'Gambosi', 151),
(3085, 'Guduwi', 151),
(3086, 'Ikungulyabashashi', 151),
(3087, 'Nyakabindi', 151),
(3088, 'Dutwa', 151),
(3089, 'Sapiwi', 151),
(3090, 'Matongo', 151),
(3091, 'Gilya', 151),
(3092, 'Isanga', 151),
(3093, 'Bariadi', 151),
(3094, 'Malambo', 151),
(3095, 'Sima', 151),
(3096, 'Bumera', 152),
(3097, 'Ikindiro', 152),
(3098, 'Mwamtani', 152),
(3099, 'Sagata', 152),
(3100, 'Mwaswale', 152),
(3101, 'Nkuyu', 152),
(3102, 'Mhunze', 152),
(3103, 'Migato', 152),
(3104, 'Chinamili', 152),
(3105, 'Ndolelezi', 152),
(3106, 'Lagangabilili', 152),
(3107, 'Budalabujiga', 152),
(3108, 'Nkoma', 152),
(3109, 'Mwalushu', 152),
(3110, 'Mwamapalala', 152),
(3111, 'Nyamalapa', 152),
(3112, 'Lugulu', 152),
(3113, 'Nhobora', 152),
(3114, 'Zagayu', 152),
(3115, 'Kinang\'weli', 152),
(3116, 'Mbita', 152),
(3117, 'Sawida', 152),
(3118, 'Mwanhuzi', 153),
(3119, 'Nkoma', 153),
(3120, 'Kimali', 153),
(3121, 'Mwamishali', 153),
(3122, 'Itinje', 153),
(3123, 'Kisesa', 153),
(3124, 'Mwandoya', 153),
(3125, 'Lingeka', 153),
(3126, 'Sakasaka', 153),
(3127, 'Imalaseko', 153),
(3128, 'Mwabuzo', 153),
(3129, 'Mwamalole', 153),
(3130, 'Mwanjolo', 153),
(3131, 'Mwabuma', 153),
(3132, 'Mwabusalu', 153),
(3133, 'Lubiga', 153),
(3134, 'Mwamanongu', 153),
(3135, 'Nghoboko', 153),
(3136, 'Bukundi', 153),
(3137, 'Mwasengela', 153),
(3138, 'Mwamanimba', 153),
(3139, 'Tindabuligi', 153),
(3140, 'Mwakisandu', 153),
(3141, 'Mwangundo', 153),
(3142, 'Mwanyahina', 153),
(3143, 'Ng\'wigwa', 154),
(3144, 'Nguliguli', 154),
(3145, 'Ipililo', 154),
(3146, 'Senani', 154),
(3147, 'Mwamanenge', 154),
(3148, 'Sukuma', 154),
(3149, 'Mpindo', 154),
(3150, 'Dakama', 154),
(3151, 'Lalago', 154),
(3152, 'Budekwa', 154),
(3153, 'Busilili', 154),
(3154, 'Sengwa', 154),
(3155, 'Masela', 154),
(3156, 'Isanga', 154),
(3157, 'Zanzui', 154),
(3158, 'Mwamashimba', 154),
(3159, 'Buchambi', 154),
(3160, 'Kadoto', 154),
(3161, 'Shishiyu', 154),
(3162, 'Nyabubinza', 154),
(3163, 'Mwang\'honoli', 154),
(3164, 'Kulimi', 154),
(3165, 'Malampaka', 154),
(3166, 'Badi', 154),
(3167, 'Nyalikungu', 154),
(3168, 'Binza', 154),
(3169, 'Shigala', 155),
(3170, 'Badugu', 155),
(3171, 'Nyaluhande', 155),
(3172, 'Kiloleli', 155),
(3173, 'Mwamanyili', 155),
(3174, 'Kabita', 155),
(3175, 'Kalemela', 155),
(3176, 'Lamadi', 155),
(3177, 'Lutubiga', 155),
(3178, 'Mkula', 155),
(3179, 'Ngasamo', 155),
(3180, 'Malili', 155),
(3181, 'Igalukilo', 155),
(3182, 'Kagu', 156),
(3183, 'Bugulula', 156),
(3184, 'Senga', 156),
(3185, 'Kakubilo', 156),
(3186, 'Nkome', 156),
(3187, 'Katoma', 156),
(3188, 'Nzera', 156),
(3189, 'Lwezera', 156),
(3190, 'Kamhanga', 156),
(3191, 'Bugalama', 156),
(3192, 'Lubanga', 156),
(3193, 'Isulwabutunde', 156),
(3194, 'Kasamwa', 156),
(3195, 'Bung\'wangoko', 156),
(3196, 'Bulela', 156),
(3197, 'Ihanamilo', 156),
(3198, 'Nyanguku', 156),
(3199, 'Kamena', 156),
(3200, 'Nyamalimbe', 156),
(3201, 'Bujula', 156),
(3202, 'Bukoli', 156),
(3203, 'Butobela', 156),
(3204, 'Nyarugusu', 156),
(3205, 'Nyakamwaga', 156),
(3206, 'Lwamgasa', 156),
(3207, 'Kaseme', 156),
(3208, 'Busanda', 156),
(3209, 'Katoro', 156),
(3210, 'Nyamigota', 156),
(3211, 'Nyakagomba', 156),
(3212, 'Nyachiluluma', 156),
(3213, 'Bukondo', 156),
(3214, 'Chigunga', 156),
(3215, 'Mtakuja', 156),
(3216, 'Kalangalala', 156),
(3217, 'Shabaka', 157),
(3218, 'Busolwa', 157),
(3219, 'Kakura', 157),
(3220, 'Nyugwa', 157),
(3221, 'Bukwimba', 157),
(3222, 'Kafita', 157),
(3223, 'Kharumwa', 157),
(3224, 'Izunya', 157),
(3225, 'Mwingiro', 157),
(3226, 'Nyabulanda', 157),
(3227, 'Nyang\'hwale', 157),
(3228, 'Nyijundu', 157),
(3229, 'Nanda', 158),
(3230, 'Ikobe', 158),
(3231, 'Lulembela', 158),
(3232, 'Ikunguigazi', 158),
(3233, 'Isebya', 158),
(3234, 'Ilolangulu', 158),
(3235, 'Mbogwe', 158),
(3236, 'Mgemo', 158),
(3237, 'Ushirika', 158),
(3238, 'Nyasato', 158),
(3239, 'Lugunga', 158),
(3240, 'Nyakafulu', 158),
(3241, 'Bukandwe', 158),
(3242, 'Ng\'homolwa', 158),
(3243, 'Masumbwe', 158),
(3244, 'Iponya', 158),
(3245, 'Runzewe Mashariki', 159),
(3246, 'Runzewe Magharibi', 159),
(3247, 'Namonge', 159),
(3248, 'Uyovu', 159),
(3249, 'Busonzo', 159),
(3250, 'Ng\'anzo', 159),
(3251, 'Butinzya', 159),
(3252, 'Ushirombo', 159),
(3253, 'Lyambamgongo', 159),
(3254, 'Bukombe', 159),
(3255, 'Bugelenga', 159),
(3256, 'Iyogelo', 159),
(3257, 'Igulwa', 159),
(3258, 'Muganza', 160),
(3259, 'Bwongera', 160),
(3260, 'Kigongo', 160),
(3261, 'Nyamirembe', 160),
(3262, 'Ichwankima', 160),
(3263, 'Kachwamba', 160),
(3264, 'Kasenga', 160),
(3265, 'Ilemela', 160),
(3266, 'Chato', 160),
(3267, 'Muungano', 160),
(3268, 'Bwina', 160),
(3269, 'Katende', 160),
(3270, 'Ilyamchele', 160),
(3271, 'Bukome', 160),
(3272, 'Buziku', 160),
(3273, 'Nyarutembo', 160),
(3274, 'Makurugusi', 160),
(3275, 'Buseresere', 160),
(3276, 'Butengorumasa', 160),
(3277, 'Iparamasa', 160),
(3278, 'Bwanga', 160),
(3279, 'Bwera', 160),
(3280, 'Mkokotoni', 161),
(3281, 'Mto wa Pwani', 161),
(3282, 'Pale', 161),
(3283, 'Kivunge', 161),
(3284, 'Tumbatu Gomani', 161),
(3285, 'Jongowe', 161),
(3286, 'Mkwajuni', 161),
(3287, 'Kibeni', 161),
(3288, 'Muwange', 161),
(3289, 'Pitanazako', 161),
(3290, 'Potowa', 161),
(3291, 'Fukuchani', 161),
(3292, 'Kidoti', 161),
(3293, 'Tazari', 161),
(3294, 'Kigunda', 161),
(3295, 'Nungwi', 161),
(3296, 'Matemwe', 161),
(3297, 'Kijini', 161),
(3298, 'Pwani Mchangani', 161),
(3299, 'Gamba', 161),
(3300, 'Moga', 161),
(3301, 'Chaani Masingini', 161),
(3302, 'Mcheza Shauri', 161),
(3303, 'Chaani Kubwa', 161),
(3304, 'Kikobweni', 161),
(3305, 'Bandamaji', 161),
(3306, 'Kinyasini', 161),
(3307, 'Kandwi', 161),
(3308, 'Chutama', 161),
(3309, 'Kisongoni', 161),
(3310, 'Kilindi', 161),
(3311, 'Kilimani', 161),
(3312, 'Uvivini', 161),
(3313, 'Kidombo', 161),
(3314, 'Bwereu', 161),
(3315, 'Kigomani', 161),
(3316, 'Misufini', 162),
(3317, 'Makoba', 162),
(3318, 'Mangapwani', 162),
(3319, 'Fujoni', 162),
(3320, 'Kiomba Mvua', 162),
(3321, 'Donge  Mchangani', 162),
(3322, 'Mkadini', 162),
(3323, 'Zingwe Zingwe', 162),
(3324, 'Kitope', 162),
(3325, 'Mahonda', 162),
(3326, 'Mnyimbi', 162),
(3327, 'Donge Mtambile', 162),
(3328, 'Kinduni', 162),
(3329, 'Donge Karange', 162),
(3330, 'Donge Mbiji', 162),
(3331, 'Donge Kipange', 162),
(3332, 'Donge Vijibweni', 162),
(3333, 'Upenja', 162),
(3334, 'Kiwengwa', 162),
(3335, 'Pangeni', 162),
(3336, 'Kilombero', 162),
(3337, 'Mgambo', 162),
(3338, 'Muwanda', 162),
(3339, 'Matetema', 162),
(3340, 'Kidanzini', 162),
(3341, 'Mbaleni', 162),
(3342, 'Mafufuni', 162),
(3343, 'Mkataleni', 162),
(3344, 'Njia ya Mtoni', 162),
(3345, 'Dunga Bweni', 163),
(3346, 'Ubago', 163),
(3347, 'Kidimni', 163),
(3348, 'Machui', 163),
(3349, 'Kiboje Muembeshauri', 163),
(3350, 'Miwani', 163),
(3351, 'Kiboje Mkwajuni', 163),
(3352, 'Ghana', 163),
(3353, 'Koani', 163),
(3354, 'Mgeni Haji', 163),
(3355, 'Uzini', 163),
(3356, 'Mitakawani', 163),
(3357, 'Tunduni', 163),
(3358, 'Bambi', 163),
(3359, 'Pagali', 163),
(3360, 'Umbuji', 163),
(3361, 'Mchangani', 163),
(3362, 'Dunga Kiembeni', 163),
(3363, 'Ndijani Mseweni', 163),
(3364, 'Jendele', 163),
(3365, 'Chwaka', 163),
(3366, 'Marumbi', 163),
(3367, 'Uroa', 163),
(3368, 'Pongwe', 163),
(3369, 'Jumbi', 163),
(3370, 'Tunguu', 163),
(3371, 'Binguni', 163),
(3372, 'Cheju', 163),
(3373, 'Bungi', 163),
(3374, 'Unguja Ukuu Kaepwani', 163),
(3375, 'Kikungwi', 163),
(3376, 'Uzi', 163),
(3377, 'Ng\'ambwa', 163),
(3378, 'Charawe', 163),
(3379, 'Ukongoroni', 163),
(3380, 'Michamvi', 163),
(3381, 'Mpapa', 163),
(3382, 'Unguja Ukuu Kaebona', 163),
(3383, 'Ndijani Muembe Punda', 163),
(3384, 'Tindini', 163),
(3385, 'Nganani', 164),
(3386, 'Kijini', 164),
(3387, 'Mzuri', 164),
(3388, 'Kajengwa', 164),
(3389, 'Jambiani Kikadini', 164),
(3390, 'Mtende', 164),
(3391, 'Kibuteni', 164),
(3392, 'Kizimkazi Dimbani', 164),
(3393, 'Kizimkazi Mkunguni', 164),
(3394, 'Muyuni A', 164),
(3395, 'Muyuni B', 164),
(3396, 'Muyuni C', 164),
(3397, 'Pete', 164),
(3398, 'Muungoni', 164),
(3399, 'Paje', 164),
(3400, 'Jambiani Kibigija', 164),
(3401, 'Bwejuu', 164),
(3402, 'Kitogani', 164),
(3403, 'Kiongoni', 164),
(3404, 'Tasani', 164),
(3405, 'Dongwe', 164),
(3406, 'Mwera', 165),
(3407, 'Mtoni', 165),
(3408, 'Bububu', 165),
(3409, 'Chuini', 165),
(3410, 'Kama', 165),
(3411, 'Mfenesini', 165),
(3412, 'Mwakaje', 165),
(3413, 'Fuoni Kibondeni', 165),
(3414, 'Kianga', 165),
(3415, 'Dole', 165),
(3416, 'Kizimbani', 165),
(3417, 'Mbuzini', 165),
(3418, 'Bumbwisudi', 165),
(3419, 'Maungani', 165),
(3420, 'Shakani', 165),
(3421, 'Kiembesamaki', 165),
(3422, 'Chukwani', 165),
(3423, 'Fumba', 165),
(3424, 'Bweleo', 165),
(3425, 'Dimani', 165),
(3426, 'Kombeni', 165),
(3427, 'Mwanakwerekwe', 165),
(3428, 'Mtopepo', 165),
(3429, 'Magogoni', 165),
(3430, 'Mtoni Kidatu', 165),
(3431, 'Mwanyanya', 165),
(3432, 'Fuoni Kijito Upele', 165),
(3433, 'Tomondo', 165),
(3434, 'Welezo', 165),
(3435, 'Mtufaani', 165),
(3436, 'Sharifumsa', 165),
(3437, 'Kibweni', 165),
(3438, 'Kihinani', 165),
(3439, 'Mombasa', 165),
(3440, 'Kisauni', 165),
(3441, 'Melinne', 165),
(3442, 'Pangawe', 165),
(3443, 'Kinuni', 165),
(3444, 'Nyamanzi', 165),
(3445, 'Shangani', 166),
(3446, 'Mkunazini', 166),
(3447, 'Kiponda', 166),
(3448, 'Malindi', 166),
(3449, 'Mchangani', 166),
(3450, 'Mlandege', 166),
(3451, 'Mwembeladu', 166),
(3452, 'Gulioni', 166),
(3453, 'Makadara', 166),
(3454, 'Shaurimoyo', 166),
(3455, 'Mwembe Makumbi', 166),
(3456, 'Chumbuni', 166),
(3457, 'Kwamtipura', 166),
(3458, 'Kilimahewa Juu', 166),
(3459, 'Amani', 166),
(3460, 'Nyerere', 166),
(3461, 'Sebleni', 166),
(3462, 'Magomeni', 166),
(3463, 'Mpendae', 166),
(3464, 'Urusi', 166),
(3465, 'Kilimani', 166),
(3466, 'Miembeni', 166),
(3467, 'Kikwajuni Juu', 166),
(3468, 'Kikwajuni Bondeni', 166),
(3469, 'Kisima Majongoo', 166),
(3470, 'Vikokotoni', 166),
(3471, 'Muembetanga', 166),
(3472, 'Muembeshauri', 166),
(3473, 'Rahaleo', 166),
(3474, 'Kwaalimsha', 166),
(3475, 'Mikunguni', 166),
(3476, 'Mkele', 166),
(3477, 'Muungano', 166),
(3478, 'Sogea', 166),
(3479, 'Jang\'ombe', 166),
(3480, 'Kidongo Chekundu', 166),
(3481, 'Matarumbeta', 166),
(3482, 'Kwahani', 166),
(3483, 'Kwaalinatu', 166),
(3484, 'Karakana', 166),
(3485, 'Kilimahewa Bondeni', 166),
(3486, 'Kwa Wazee', 166),
(3487, 'Migombani', 166),
(3488, 'Meya', 166),
(3489, 'Kisiwandui', 166),
(3490, 'Kipangani', 167),
(3491, 'Mtambwe Kaskazini', 167),
(3492, 'Fundo', 167),
(3493, 'Mchanga Mdogo', 167),
(3494, 'Kambini', 167),
(3495, 'Kojani', 167),
(3496, 'Ole', 167),
(3497, 'Kangagani', 167),
(3498, 'Kiuyu Minungwini', 167),
(3499, 'Piki', 167),
(3500, 'Kisiwani', 167),
(3501, 'Gando', 167),
(3502, 'Ukunjwi', 167),
(3503, 'Pandani', 167),
(3504, 'Shengejuu', 167),
(3505, 'Bopwe', 167),
(3506, 'Utaani', 167),
(3507, 'Mtambwe Kusini', 167),
(3508, 'Selem', 167),
(3509, 'Kinyikani', 167),
(3510, 'Chwale', 167),
(3511, 'Maziwani', 167),
(3512, 'Mpambani', 167),
(3513, 'Mjini Ole', 167),
(3514, 'Kiuyu Kigongoni', 167),
(3515, 'Mzambarauni Takao', 167),
(3516, 'Junguni', 167),
(3517, 'Kiungoni', 167),
(3518, 'Pembeni', 167),
(3519, 'Kizimbani', 167),
(3520, 'Limbani', 167),
(3521, 'Jadida', 167),
(3522, 'Micheweni', 168),
(3523, 'Msuka Mashariki', 168),
(3524, 'Kinowe', 168),
(3525, 'Tumbe Mashariki', 168),
(3526, 'Mgogoni', 168),
(3527, 'Shumba Viamboni', 168),
(3528, 'Finya', 168),
(3529, 'Konde', 168),
(3530, 'Wingwi Mapofu', 168),
(3531, 'Kiuyu Mbuyuni', 168),
(3532, 'Makangale', 168),
(3533, 'Wingwi Njuguni', 168),
(3534, 'Shumba Mjini', 168),
(3535, 'Majenzi', 168),
(3536, 'Mjini Wingwi', 168),
(3537, 'Msuka Magharibi', 168),
(3538, 'Chimba', 168),
(3539, 'Tumbe Magharibi', 168),
(3540, 'Sizini', 168),
(3541, 'Kinyasini', 168),
(3542, 'Mihogoni', 168),
(3543, 'Kifundi', 168),
(3544, 'Maziwa Ng\'ombe', 168),
(3545, 'Tondooni', 168),
(3546, 'Mtemani', 168),
(3547, 'Wingwi Mjananza', 168),
(3548, 'Mlindo', 168),
(3549, 'Chanjaani', 169),
(3550, 'Wawi', 169),
(3551, 'Pujini', 169),
(3552, 'Ziwani', 169),
(3553, 'Ndagoni', 169),
(3554, 'Kwale', 169),
(3555, 'Vitongoji', 169),
(3556, 'Ng\'ambwa', 169),
(3557, 'Shungi', 169),
(3558, 'Chonga', 169),
(3559, 'Mgelema', 169),
(3560, 'Kilindi', 169),
(3561, 'Tibirinzi', 169),
(3562, 'Chachani', 169),
(3563, 'Wara', 169),
(3564, 'Mvumoni', 169),
(3565, 'Matale', 169),
(3566, 'Wesha', 169),
(3567, 'Uwandani', 169),
(3568, 'Madungu', 169),
(3569, 'Mgogoni', 169),
(3570, 'Dodo', 169),
(3571, 'Mbuzini', 169),
(3572, 'Michungwani', 169),
(3573, 'Kibokoni', 169),
(3574, 'Kichungwani', 169),
(3575, 'Msingini', 169),
(3576, 'Mkoroshoni', 169),
(3577, 'Mfikiwa', 169),
(3578, 'Ng\'ombeni', 170),
(3579, 'Makombeni', 170),
(3580, 'Makoongwe', 170),
(3581, 'Shidi', 170),
(3582, 'Mkanyageni', 170),
(3583, 'Michenzani', 170),
(3584, 'Chokocho', 170),
(3585, 'Kisiwa Panza', 170),
(3586, 'Kangani', 170),
(3587, 'Kengeja', 170),
(3588, 'Muambe', 170),
(3589, 'Kiwani', 170),
(3590, 'Mtambile', 170),
(3591, 'Mizingani', 170),
(3592, 'Ngwachani', 170),
(3593, 'Chambani', 170),
(3594, 'Wambaa', 170),
(3595, 'Mbuguani', 170),
(3596, 'Uweleni', 170),
(3597, 'Mtangani', 170),
(3598, 'Ukutini', 170),
(3599, 'Chumbageni', 170),
(3600, 'Mbuyuni', 170),
(3601, 'Stahabu', 170),
(3602, 'Kuukuu', 170),
(3603, 'Mjimbini', 170),
(3604, 'Shamiani', 170),
(3605, 'Jombwe', 170),
(3606, 'Kendwa', 170),
(3607, 'Minazini', 170),
(3608, 'Mgagadu', 170),
(3609, 'Mkungu', 170),
(3610, 'Changaweni', 170),
(3611, 'Lilambo', 66),
(3612, 'Selela', 9),
(3613, 'Oldonyosambu', 14),
(3614, 'Endonyongijape', 139),
(3615, 'Kitwai', 139),
(3616, 'Naberera', 139),
(3617, 'Busi', 2),
(3618, 'Jangalo', 8),
(3619, 'Njoro', 140),
(3620, 'Olboroti', 140),
(3621, 'Chapakazi', 140),
(3622, 'Kidete', 33),
(3623, 'Kinole', 34),
(3624, 'Igigwa', 95),
(3625, 'Chita', 35),
(3626, 'Lugelele', 81),
(3627, 'Mazinde', 24),
(3628, 'Endokise', 136),
(3629, 'Boay', 136),
(3630, 'Nar', 136),
(3631, 'Mukendo', 171),
(3632, 'Mwigobero', 171),
(3633, 'Iringo', 171),
(3634, 'Kitaji', 171),
(3635, 'Nyasho', 171),
(3636, 'Bweri', 171),
(3637, 'Nyakato', 171),
(3638, 'Kigera', 171),
(3639, 'Kamunyonge', 171),
(3640, 'Nyamatare', 171),
(3641, 'Mwisenge', 171),
(3642, 'Buhare', 171),
(3643, 'Makoko', 171),
(3644, 'Mbwewe', 40);

--
-- Indexes for dumped tables
--

--
-- Indexes for table `blood_bag`
--
ALTER TABLE `blood_bag`
  ADD PRIMARY KEY (`Bag_ID`),
  ADD KEY `Donor_ID` (`Donor_ID`),
  ADD KEY `Hospital_ID` (`Hospital_ID`);

--
-- Indexes for table `blood_request`
--
ALTER TABLE `blood_request`
  ADD PRIMARY KEY (`Request_ID`),
  ADD KEY `Hospital_ID` (`Hospital_ID`),
  ADD KEY `Request_Status_ID` (`Request_Status_ID`);

--
-- Indexes for table `district`
--
ALTER TABLE `district`
  ADD PRIMARY KEY (`District_ID`),
  ADD KEY `Region_ID` (`Region_ID`);

--
-- Indexes for table `donor`
--
ALTER TABLE `donor`
  ADD PRIMARY KEY (`Donor_ID`),
  ADD UNIQUE KEY `User_ID` (`User_ID`);

--
-- Indexes for table `hospital`
--
ALTER TABLE `hospital`
  ADD PRIMARY KEY (`Hospital_ID`),
  ADD KEY `Ward_ID` (`Ward_ID`);

--
-- Indexes for table `hospital_staff`
--
ALTER TABLE `hospital_staff`
  ADD PRIMARY KEY (`Staff_ID`),
  ADD UNIQUE KEY `User_ID` (`User_ID`),
  ADD KEY `Hospital_ID` (`Hospital_ID`);

--
-- Indexes for table `medical_records`
--
ALTER TABLE `medical_records`
  ADD PRIMARY KEY (`Record_ID`),
  ADD KEY `Donor_ID` (`Donor_ID`);

--
-- Indexes for table `region`
--
ALTER TABLE `region`
  ADD PRIMARY KEY (`Region_ID`);

--
-- Indexes for table `request_status`
--
ALTER TABLE `request_status`
  ADD PRIMARY KEY (`Request_Status_ID`);

--
-- Indexes for table `user`
--
ALTER TABLE `user`
  ADD PRIMARY KEY (`user_id`),
  ADD UNIQUE KEY `username` (`username`);

--
-- Indexes for table `ward`
--
ALTER TABLE `ward`
  ADD PRIMARY KEY (`Ward_ID`),
  ADD KEY `District_ID` (`District_ID`);

--
-- AUTO_INCREMENT for dumped tables
--

--
-- AUTO_INCREMENT for table `blood_bag`
--
ALTER TABLE `blood_bag`
  MODIFY `Bag_ID` int(11) NOT NULL AUTO_INCREMENT, AUTO_INCREMENT=17;

--
-- AUTO_INCREMENT for table `blood_request`
--
ALTER TABLE `blood_request`
  MODIFY `Request_ID` int(11) NOT NULL AUTO_INCREMENT, AUTO_INCREMENT=13;

--
-- AUTO_INCREMENT for table `district`
--
ALTER TABLE `district`
  MODIFY `District_ID` int(11) NOT NULL AUTO_INCREMENT, AUTO_INCREMENT=172;

--
-- AUTO_INCREMENT for table `donor`
--
ALTER TABLE `donor`
  MODIFY `Donor_ID` int(11) NOT NULL AUTO_INCREMENT, AUTO_INCREMENT=13;

--
-- AUTO_INCREMENT for table `hospital`
--
ALTER TABLE `hospital`
  MODIFY `Hospital_ID` int(11) NOT NULL AUTO_INCREMENT, AUTO_INCREMENT=3;

--
-- AUTO_INCREMENT for table `hospital_staff`
--
ALTER TABLE `hospital_staff`
  MODIFY `Staff_ID` int(11) NOT NULL AUTO_INCREMENT, AUTO_INCREMENT=3;

--
-- AUTO_INCREMENT for table `medical_records`
--
ALTER TABLE `medical_records`
  MODIFY `Record_ID` int(11) NOT NULL AUTO_INCREMENT, AUTO_INCREMENT=3;

--
-- AUTO_INCREMENT for table `region`
--
ALTER TABLE `region`
  MODIFY `Region_ID` int(11) NOT NULL AUTO_INCREMENT, AUTO_INCREMENT=33;

--
-- AUTO_INCREMENT for table `request_status`
--
ALTER TABLE `request_status`
  MODIFY `Request_Status_ID` int(11) NOT NULL AUTO_INCREMENT, AUTO_INCREMENT=8;

--
-- AUTO_INCREMENT for table `user`
--
ALTER TABLE `user`
  MODIFY `user_id` int(11) NOT NULL AUTO_INCREMENT, AUTO_INCREMENT=43;

--
-- AUTO_INCREMENT for table `ward`
--
ALTER TABLE `ward`
  MODIFY `Ward_ID` int(11) NOT NULL AUTO_INCREMENT, AUTO_INCREMENT=3645;

--
-- Constraints for dumped tables
--

--
-- Constraints for table `blood_bag`
--
ALTER TABLE `blood_bag`
  ADD CONSTRAINT `blood_bag_ibfk_1` FOREIGN KEY (`Donor_ID`) REFERENCES `donor` (`Donor_ID`),
  ADD CONSTRAINT `blood_bag_ibfk_2` FOREIGN KEY (`Hospital_ID`) REFERENCES `hospital` (`Hospital_ID`);

--
-- Constraints for table `blood_request`
--
ALTER TABLE `blood_request`
  ADD CONSTRAINT `FK_Request_Status` FOREIGN KEY (`Request_Status_ID`) REFERENCES `request_status` (`Request_Status_ID`),
  ADD CONSTRAINT `blood_request_ibfk_1` FOREIGN KEY (`Hospital_ID`) REFERENCES `hospital` (`Hospital_ID`),
  ADD CONSTRAINT `blood_request_ibfk_2` FOREIGN KEY (`Request_Status_ID`) REFERENCES `request_status` (`Request_Status_ID`);

--
-- Constraints for table `district`
--
ALTER TABLE `district`
  ADD CONSTRAINT `district_ibfk_1` FOREIGN KEY (`Region_ID`) REFERENCES `region` (`Region_ID`);

--
-- Constraints for table `donor`
--
ALTER TABLE `donor`
  ADD CONSTRAINT `donor_ibfk_1` FOREIGN KEY (`User_ID`) REFERENCES `user` (`user_id`);

--
-- Constraints for table `hospital`
--
ALTER TABLE `hospital`
  ADD CONSTRAINT `hospital_ibfk_1` FOREIGN KEY (`Ward_ID`) REFERENCES `ward` (`Ward_ID`);

--
-- Constraints for table `hospital_staff`
--
ALTER TABLE `hospital_staff`
  ADD CONSTRAINT `hospital_staff_ibfk_1` FOREIGN KEY (`User_ID`) REFERENCES `user` (`user_id`),
  ADD CONSTRAINT `hospital_staff_ibfk_2` FOREIGN KEY (`Hospital_ID`) REFERENCES `hospital` (`Hospital_ID`);

--
-- Constraints for table `medical_records`
--
ALTER TABLE `medical_records`
  ADD CONSTRAINT `medical_records_ibfk_1` FOREIGN KEY (`Donor_ID`) REFERENCES `donor` (`Donor_ID`);

--
-- Constraints for table `ward`
--
ALTER TABLE `ward`
  ADD CONSTRAINT `ward_ibfk_1` FOREIGN KEY (`District_ID`) REFERENCES `district` (`District_ID`);
COMMIT;

/*!40101 SET CHARACTER_SET_CLIENT=@OLD_CHARACTER_SET_CLIENT */;
/*!40101 SET CHARACTER_SET_RESULTS=@OLD_CHARACTER_SET_RESULTS */;
/*!40101 SET COLLATION_CONNECTION=@OLD_COLLATION_CONNECTION */;
